-- MySQL dump 10.13  Distrib 5.5.33, for Linux (x86_64)
--
-- Host: localhost    Database: greentea
-- ------------------------------------------------------
-- Server version	5.5.33-log

/*!40101 SET @OLD_CHARACTER_SET_CLIENT=@@CHARACTER_SET_CLIENT */;
/*!40101 SET @OLD_CHARACTER_SET_RESULTS=@@CHARACTER_SET_RESULTS */;
/*!40101 SET @OLD_COLLATION_CONNECTION=@@COLLATION_CONNECTION */;
/*!40101 SET NAMES utf8 */;
/*!40103 SET @OLD_TIME_ZONE=@@TIME_ZONE */;
/*!40103 SET TIME_ZONE='+00:00' */;
/*!40014 SET @OLD_UNIQUE_CHECKS=@@UNIQUE_CHECKS, UNIQUE_CHECKS=0 */;
/*!40014 SET @OLD_FOREIGN_KEY_CHECKS=@@FOREIGN_KEY_CHECKS, FOREIGN_KEY_CHECKS=0 */;
/*!40101 SET @OLD_SQL_MODE=@@SQL_MODE, SQL_MODE='NO_AUTO_VALUE_ON_ZERO' */;
/*!40111 SET @OLD_SQL_NOTES=@@SQL_NOTES, SQL_NOTES=0 */;

--
-- Current Database: `greentea`
--

CREATE DATABASE /*!32312 IF NOT EXISTS*/ `greentea` /*!40100 DEFAULT CHARACTER SET utf8 */;

USE `greentea`;

--
-- Table structure for table `lite_category`
--

DROP TABLE IF EXISTS `lite_category`;
/*!40101 SET @saved_cs_client     = @@character_set_client */;
/*!40101 SET character_set_client = utf8 */;
CREATE TABLE `lite_category` (
  `id` int(10) unsigned NOT NULL AUTO_INCREMENT,
  `category` tinyint(3) unsigned NOT NULL DEFAULT '0',
  `title` varchar(100) NOT NULL DEFAULT '',
  `img` varchar(200) NOT NULL DEFAULT '',
  `dcrp` varchar(1000) NOT NULL DEFAULT '',
  `created` bigint(20) unsigned NOT NULL DEFAULT '0',
  `opens` bigint(20) unsigned NOT NULL DEFAULT '0',
  `ext` int(11) NOT NULL DEFAULT '0',
  PRIMARY KEY (`id`)
) ENGINE=InnoDB AUTO_INCREMENT=12 DEFAULT CHARSET=utf8;
/*!40101 SET character_set_client = @saved_cs_client */;

--
-- Dumping data for table `lite_category`
--

LOCK TABLES `lite_category` WRITE;
/*!40000 ALTER TABLE `lite_category` DISABLE KEYS */;
INSERT INTO `lite_category` VALUES (1,1,'资讯','category/zixun.png','资讯',0,0,0),(2,2,'购物','category/gouwu.png','购物',0,0,0),(3,3,'漫画','category/manhua.png','漫画',0,0,0),(4,4,'社交','category/shejiao.png','社交',0,0,0),(5,5,'工具','category/gongju.png','工具',0,0,0),(6,6,'影音','category/yingyin.png','影音',0,0,0),(7,7,'娱乐','category/yule.png','娱乐',0,0,0),(8,8,'美图','category/meitu.png','美图',0,0,0),(9,9,'生活','category/shenghuo.png','生活',0,0,0),(10,10,'小说','category/xiaoshuo.png','小说',0,0,0),(11,11,'游戏','category/youxi.png','游戏',0,0,0);
/*!40000 ALTER TABLE `lite_category` ENABLE KEYS */;
UNLOCK TABLES;

--
-- Table structure for table `lite_item`
--

DROP TABLE IF EXISTS `lite_item`;
/*!40101 SET @saved_cs_client     = @@character_set_client */;
/*!40101 SET character_set_client = utf8 */;
CREATE TABLE `lite_item` (
  `id` int(10) unsigned NOT NULL AUTO_INCREMENT,
  `category` tinyint(3) unsigned NOT NULL DEFAULT '0',
  `flag` bigint(20) unsigned NOT NULL DEFAULT '0',
  `title` varchar(100) NOT NULL DEFAULT '',
  `url` varchar(500) NOT NULL DEFAULT '',
  `img` varchar(200) NOT NULL DEFAULT '',
  `dcrp` varchar(1000) NOT NULL DEFAULT '',
  `ver` varchar(100) NOT NULL DEFAULT '',
  `created` bigint(20) unsigned NOT NULL DEFAULT '0',
  `opens` bigint(20) unsigned NOT NULL DEFAULT '0',
  `downloads` int(10) unsigned NOT NULL DEFAULT '0',
  `grade` float unsigned NOT NULL DEFAULT '0',
  `t_mark` int(10) unsigned NOT NULL DEFAULT '0',
  `m_num` int(10) unsigned NOT NULL DEFAULT '0',
  `recommend` tinyint(3) unsigned NOT NULL DEFAULT '0',
  `ext` int(11) NOT NULL DEFAULT '0',
  PRIMARY KEY (`id`),
  KEY `idx_recommend` (`recommend`)
) ENGINE=InnoDB AUTO_INCREMENT=583 DEFAULT CHARSET=utf8;
/*!40101 SET character_set_client = @saved_cs_client */;

--
-- Dumping data for table `lite_item`
--

LOCK TABLES `lite_item` WRITE;
/*!40000 ALTER TABLE `lite_item` DISABLE KEYS */;
INSERT INTO `lite_item` VALUES (1,1,0,'﻿东方财富','http://eastmoney.cn/iphone/default.aspx','item/dongfangcaifu.png','中国财经第一门户','',0,0,217,5,0,0,1,0),(2,1,0,'易车网','http://m.yiche.com/','item/yichewang.png','中国第一汽车消费门户','',0,0,138,5,0,0,0,0),(3,1,0,'铁血军事','http://m.tiexue.net/Touch/','item/tiexuejunshi.png','中国最大的军事垂直门户','',0,0,254,5,0,0,1,0),(4,1,0,'太平洋电脑网','http://g.pconline.com.cn/','item/taipingyangdiannaowang.png','为用户提供IT资讯','',0,0,218,5,0,0,1,0),(5,1,0,'我爱问编辑','http://ask.qq.com/','item/woaiwenbianji.png','关于新闻的一切，等你来问','',0,0,34,5,0,0,0,0),(6,1,0,'果壳','http://m.guokr.com/','item/guoke.png','有意思的科技主题网站','',0,0,135,5,0,0,0,0),(7,1,0,'新浪女性','http://eladies.sina.cn/','item/xinlangnvxing.png','中文地区最全的女性资讯','',0,0,91,5,0,0,0,0),(8,1,0,'掌上商学院','http://m.mbadir.com/','item/zhangshangshangxueyuan.png','不花钱读完MBA','',0,0,137,5,0,0,0,0),(9,1,0,'新浪微博精选','https://m.weibo.cn/login?ns=1&backURL=http%3A%2F%2Fm.weibo.cn%2Fpubs%2Fjx%3Fwm%3D4010&backTitle=%D0%C2%C0%CB%CE%A2%B2%A9&vt=4&&wm=4010','item/xinlangweibojingxuan.png','看看今天的新鲜事儿','',0,0,94,5,0,0,0,0),(10,1,0,'史迹','http://i.ifeng.com/engrami?ch=qq_ztsj','item/shiji.png','循着历史的足迹体味世事变迁','',0,0,136,5,0,0,0,0),(11,1,0,'手机瑞丽网','http://wap.rayli.com.cn/iphone/index.shtml','item/shoujiruiliwang.png','中国极具影响力的时尚媒体','',0,0,47,5,0,0,0,0),(12,1,0,'爱范儿','http://www.ifanr.com/','item/aifaner.png','个性时尚媒体，值得关注','',0,0,46,5,0,0,0,0),(13,1,0,'搜狐女人','http://m.sohu.com/c/326/','item/souhunvren.png','揭秘女性的真实情感故事','',0,0,56,5,0,0,0,0),(14,1,0,'手机中国','http://m.cnmo.com/','item/shoujizhongguo.png','最具影响力的手机门户','',0,0,213,5,0,0,1,0),(15,1,0,'爱美','http://m.lady8844.com/','item/aimei.png','爱美无罪','',0,0,37,5,0,0,0,0),(16,1,0,'cnBeta','http://m.cnbeta.com/','item/cnBeta.png','最快IT业界资讯','',0,0,94,5,0,0,0,0),(17,1,0,'华声新闻','http://m.voc.com.cn/','item/huashengxinwen.png','非高大上新闻，只关注草根民生','',0,0,94,5,0,0,0,0),(18,1,0,'太平洋汽车','http://m.pcauto.com.cn/','item/taipingyangqiche.png','汽车报价、导购、评测等专业资讯','',0,0,80,5,0,0,0,0),(19,1,0,'时尚网','http://iphone.trends.com.cn/','item/shishangwang.png','高端时尚白领的生活专属领地','',0,0,36,5,0,0,0,0),(20,1,0,'36氪','http://www.36kr.com/','item/36ke.png','互联网科技新闻','',0,0,74,5,0,0,0,0),(21,1,0,'财经引爆点','http://wmi.me/','item/caijingyinbaodian.png','微博中的财经情报“间谍”','',0,0,51,5,0,0,0,0),(22,1,0,'NBA数据中心','http://nbadata.m.sohu.com/nba/index.php','item/NBAshujuzhongxin.png','全面赛事数据体验','',0,0,75,5,0,0,0,0),(23,1,0,'女人志','http://m.onlylady.com/','item/nvrenzhi.png','专业时尚女性网站','',0,0,48,5,0,0,0,0),(24,1,0,'中国经济网','http://www.ce.cn/','item/zhongguojingjiwang.png','传递有价值的财经资讯','',0,0,123,5,0,0,0,0),(25,1,0,'虎嗅网','http://m.huxiu.com/','item/huxiuwang.png','个性化商业资讯网站','',0,0,61,5,0,0,0,0),(26,1,0,'焦点大图','http://www.xinjunshi.com/diyishidian/index.html','item/jiaodiandatu.png','聚焦社会热点','',0,0,60,5,0,0,0,0),(27,1,0,'金融界','http://m.jrj.com.cn/','item/jinrongjie.png','金融和财经信息提供商','',0,0,67,5,0,0,0,0),(28,1,0,'搜狐直播间','http://zhibo.m.sohu.com/','item/souhuzhibojian.png','热门赛事正在直播','',0,0,72,5,0,0,0,0),(29,1,0,'雷锋网','http://www.leiphone.com/','item/leifengwang.png','读懂移动互联网','',0,0,36,5,0,0,0,0),(30,1,0,'FT中文网','http://m.ftchinese.com/','item/FTzhongwenwang.png','全球财经精粹','',0,0,80,5,0,0,0,0),(31,1,0,'闺蜜网','http://m.kimiss.com/','item/guimiwang.png','史上最大美妆产品库','',0,0,19,5,0,0,0,0),(32,1,0,'汽车消费网','http://i.315che.com/','item/qichexiaofeiwang.png','汽车消费者的意见领袖','',0,0,54,5,0,0,0,0),(33,1,0,'Donews','http://3g.donews.com/','item/Donews.png','坚持自由、平等、开放的IT门户','',0,0,25,5,0,0,0,0),(34,1,0,'新华炫闻','http://m.news.cn/','item/xinhuaxuanwen.png','快速、深度、权威的新闻资讯服务','',0,0,65,5,0,0,0,0),(35,1,0,'蜂鸟摄影','http://m.fengniao.com/','item/fengniaosheying.png','中国第一影像门户','',0,0,58,5,0,0,0,0),(36,1,0,'POCO摄影技巧','http://m.poco.cn/jiqiao/','item/POCOsheyingjiqiao.png','让你从拍照提升到摄影','',0,0,74,5,0,0,0,0),(37,1,0,'NOW直播','http://now.3g.cn/#page=index','item/NOWzhibo.png','精彩直播，现在开始','',0,0,45,5,0,0,0,0),(38,1,0,'资讯快车','http://app.m1905.cn/News/index/__SID/7021bc94eb85a36e64cea085f855b03f/','item/zixunkuaiche.png','和影视有关的资讯八卦','',0,0,40,5,0,0,0,0),(39,1,0,'ELLE','http://m.ellechina.com/','item/ELLE.png','高端女性门户网站','',0,0,27,5,0,0,0,0),(40,1,0,'译言','http://www.yeeyan.org/','item/yiyan.png','好玩的全球趣闻','',0,0,36,5,0,0,0,0),(41,1,0,'光明网','http://3g.gmw.cn/default.php','item/guangmingwang.png','中央重点新闻网站','',0,0,70,5,0,0,0,0),(42,1,0,'TechCrunch中国','http://m.techcrunch.cn/','item/TechCrunchzhongguo.png','新锐科技媒体','',0,0,21,5,0,0,0,0),(43,1,0,'腾讯数码','http://info.3g.qq.com/g/s?&icfa=mobile_h&aid=template&tid=mobile_h&g_ut=3','item/tengxunshuma.png','数码发烧友的乐园','',0,0,125,5,0,0,0,0),(44,1,0,'掌上车典','http://infoapp.3g.qq.com/g/s?aid=touchauto#home','item/zhangshangchedian.png','专注移动车生活','',0,0,24,5,0,0,0,0),(45,1,0,'腾讯财经理财','http://gp.3g.qq.com/g/s?sid=Ae5yaFHr1cI1asrGuOHMjXGi&icfa=finance_h&aid=template&icfa=finance_h&tid=finance_licai&','item/tengxuncaijinglicai.png','打造移动财经门户新坐标','',0,0,35,5,0,0,0,0),(46,1,0,'金羊网','http://wap.ycwb.com/ycwb/','item/jinyangwang.png','羊城报业集团旗下媒体','',0,0,24,5,0,0,0,0),(47,1,0,'掌上投资在线','http://gp.3g.qq.com/g/s?aid=template&tid=finance_cmtonline&g_ut=3','item/zhangshangtouzizaixian.png','人气掌上投资顾问','',0,0,29,5,0,0,0,0),(48,1,0,'财迷团','http://gp.3g.qq.com/g/s?aid=template&tid=licai26&g_ut=3','item/caimituan.png','个性理财的互通平台','',0,0,23,5,0,0,0,0),(49,2,0,'﻿淘宝热卖','http://m.taobao.com/?ttid=12tx0065','item/taobaoremai.png','提前乐享双11超级折扣优惠','',0,0,371,5,0,0,1,0),(50,2,0,'京东商城','http://m.jd.com/index.html?v=t','item/jingdongshangcheng.png','岁末扫货，优惠到底','',0,0,542,4.5,0,0,1,0),(51,2,0,'蘑菇街','http://m.mogujie.com/?from=qqb','item/mogujie.png','菇凉们，又来新货了','',0,0,138,4.5,0,0,0,0),(52,2,0,'QQ网购','http://m.buy.qq.com/?t=t&gcfa=11910127&_lp=1','item/qqwanggou.png','不一样的网上购物体验','',0,0,91,4.5,0,0,0,0),(53,2,0,'买得起的好设计','http://m.xiangqu.com/?source=tencent','item/maideqidehaosheji.png','追求个性，拒绝平庸','',0,0,76,4,0,0,0,0),(54,2,0,'凡客','http://m.vancl.com/?guid=1e233d7394414835a76829406926f45e','item/fanke.png','时尚无极限，高性价比的自有品牌','',0,0,187,4,0,0,0,0),(55,2,0,'美团团购','http://i.meituan.com/shanghai?','item/meituantuangou.png','中国最早，口碑最好的团购网','',0,0,255,4,0,0,1,0),(56,2,0,'九块九包邮','http://m.jiukuaiyou.com/','item/jiukuaijiu.png','每天特价，超值不断','',0,0,279,4,0,0,1,0),(57,2,0,'聚美优品','http://m.jumei.com/','item/jumeiyoupin.png','正品化妆品团购','',0,0,250,4,0,0,1,0),(58,2,0,'当当网','http://m.dangdang.com/touch/?unionid=537-300063','item/dangdangwang.png','正品图书、音像制品商城','',0,0,227,4,0,0,1,0),(59,2,0,'苏宁易购','http://m.suning.com/emall/snmw_10052_10051_.html','item/suningyigou.png','全网低价，支持货到付款','',0,0,334,3.5,0,0,1,0),(60,2,0,'唯品会','http://m.vip.com/?f=yqq','item/weipinhui.png','一家专门做特卖的网站','',0,0,295,4,0,0,1,0),(61,2,0,'美丽说','http://m.meilishuo.com/activity/download/mdown/','item/meilishuo.png','国内最大的女性时尚社区','',0,0,129,3,0,0,0,0),(62,2,0,'拍拍','http://m.paipai.com/','item/paipai.png','中国最有影响力的C2C平台','',0,0,65,3,0,0,0,0),(63,2,0,'聚划算','http://ju.m.taobao.com/jhs/index.htm?v=0&ttid=51tx0004','item/juhuasuan.png','淘宝海量团购商品，品质生活保证','',0,0,195,4,0,0,0,0),(64,2,0,'一淘比价','http://m.etao.com/?ttid=51tx0006#!entry','item/yitao.png','最专业的购物搜索，提供购买决策','',0,0,108,4,0,0,0,0),(65,2,0,'支付宝','http://mobile.alipay.com/index.htm','item/zhifubao.png','手机快速支付，so easy~','',0,0,148,4,0,0,0,0),(66,2,0,'天天特价','http://h.tiantiantiao.com/','item/tiantiantejia.png','限时促销宝贝，每天便宜多一点','',0,0,157,4,0,0,0,0),(67,2,0,'易迅','http://m.yixun.com/t/?src=qqbrowser&YTAG=0.1880400001300000','item/yixun.png','闪电购物，货到付款','',0,0,168,4,0,0,0,0),(68,2,0,'亚马逊','http://www.amazon.cn/gp/aw/','item/yamaxun.png','全球领先的电子商务公司','',0,0,266,4,0,0,1,0),(69,2,0,'逛淘宝','http://co.koudai.com/glmi/resources/v2/index.html','item/guangtaobao.png','适合各种白菜党','',0,0,77,4,0,0,0,0),(70,2,0,'免费试用','http://m.taobao.com/channel/chn/mm/try/fuyou.php#/-today/1','item/mianfeishiyong.png','试，是一种生活态度','',0,0,71,3,0,0,0,0),(71,2,0,'买卖宝','http://qq7.mmb.cn/wap/touch/column.do?columnId=27','item/maimaibao.png','物美价廉的名牌商品，支持到付','',0,0,63,3,0,0,0,0),(72,2,0,'团800','http://m.tuan800.com/?vt=8','item/tuan800.png','国内大型的独立团购导航网站','',0,0,55,3,0,0,0,0),(73,2,0,'小米商城','http://m.xiaomi.com','item/xiaomishangcheng.png','小米官网','',0,0,144,4,0,0,0,0),(74,2,0,'乐蜂网','http://m.lefeng.com/','item/lefengwang.png','大牌满减，真的巨划算','',0,0,79,3,0,0,0,0),(75,2,0,'百度团购','http://mtuan.baidu.com','item/baidutuangou.png','权威放心的精品团购','',0,0,62,3,0,0,0,0),(76,2,0,'梦芭莎','http://m.moonbasa.com/?cn=14829&type=0&adsiteid=10000032','item/mengbasha.png','让每一位中国女性更加美丽自信','',0,0,62,4,0,0,0,0),(77,2,0,'好乐买','http://m.okbuy.com/','item/haolemai.png','中国最大的正品鞋购物网站','',0,0,51,3,0,0,0,0),(78,2,0,'麦包包','http://m.mbaobao.com/','item/maibaobao.png','专业皮包公司','',0,0,61,4,0,0,0,0),(79,2,0,'折扣行','http://m.zheq.cn/','item/zhekouxing.png','真打折！','',0,0,50,3,0,0,0,0),(80,2,0,'1号店','http://m.yhd.com/','item/1haodian.png','以家为核心的一站式购物平台','',0,0,201,4,0,0,0,0),(81,2,0,'慢慢买比价网','http://m.manmanbuy.com/','item/manmanmaibijiawang.png','公正、即时的比格信息','',0,0,43,3,0,0,0,0),(82,2,0,'大鼻子省钱专家','http://m.dabizi.cn/','item/dabizishengqian.png','发现每天降价商品，实用的省钱助手','',0,0,33,3,0,0,0,0),(83,2,0,'爱创意','http://m.meidebi.com/','item/aichuangyi.png','心动的想法，绝妙的创想','',0,0,31,3,0,0,0,0),(84,2,0,'风格','http://acy.aiapk.net/default.aspx','item/fengge.png','潮流易逝，风格永存','',0,0,27,3,0,0,0,0),(85,2,0,'蜜唐饰品','http://100mt.com/','item/mitangshipin.png','精致流行饰品配饰商城','',0,0,36,3,0,0,0,0),(86,2,0,'寺库奢侈品','http://m.secoo.com/?from=QQbroswer','item/sikushechi.png','全球顶级奢侈品购物平台','',0,0,35,3,0,0,0,0),(87,2,0,'爱团团购','http://m.aituan.com/','item/aituantuangou.png','爱尚团购','',0,0,31,3,0,0,0,0),(88,2,0,'麦网','http://m.m18.com/','item/maiwang.png','网上时尚百货店','',0,0,36,3,0,0,0,0),(89,2,0,'优众购物','http://m.ihaveu.com','item/youzhonggouwu.png','生命就应该倾注在美好的事物上','',0,0,33,3,0,0,0,0),(90,3,0,'﻿热门漫画','http://mb.ac.qq.com/','item/remenmanhua.png','最新最热的正版漫画','',0,0,202,4,0,0,0,0),(93,3,0,'暴走漫画','http://m.baozoumanhua.com/','item/baozoumanhua.png','开放性暴漫开拓者','',0,0,122,5,0,0,0,0),(98,3,0,'易查漫画','http://manhua.yicha.cn/manhua/?site=2145959211&f=&cache=1389696495229&tps=','item/yichamanhua.png','一站式漫画体验，由易查带给你','',0,0,184,5,0,0,0,0),(99,3,0,'经典漫画','http://m.jdmh.cn/','item/jingdianmanhua.png','万本漫画同步更新，惊喜不断','',0,0,72,4,0,0,0,0),(100,3,0,'腾讯动漫','http://m.ac.qq.com/#bookCity/tj','item/tengxundongman.png','提供正版漫画、动漫资讯阅读','',0,0,89,4,0,0,0,0),(101,3,0,'火影忍者','http://mb.ac.qq.com/#!/comic/505432','item/huoyingrenzhe.png','忍者世界，开拓着属于自己的忍道。','',0,0,81,4,0,0,0,0),(103,3,0,'囚禁盛宴','http://mb.ac.qq.com/#!/comic/493530','item/qiujinshengyan.png','邪教祭祀，血色祭品','',0,0,190,3,0,0,0,0),(104,3,0,'鬼吹灯','http://manhua.yicha.cn/manhua/cartoonsimple_c8be64a2756b5ee5.html?cartoonId=c8be64a2756b5ee5&site=2145959211&t=lw&tp=','item/guichuideng.png','盗墓四大流派，书写古迹传奇','',0,0,42,3.5,0,0,0,0),(105,3,0,'柯南','http://manhua.yicha.cn/manhua/cartoonsimple_c0e40dcc8f58a0b5.html?cartoonId=c0e40dcc8f58a0b5&site=2145959211&t=lw&tp=','item/kenan.png','案件的真相，永远只有一个','',0,0,63,4,0,0,0,0),(106,3,0,'妖精尾巴','http://manhua.yicha.cn/manhua/cartoonsimple_cb51ee5c88eab14e.html?cartoonId=cb51ee5c88eab14e&site=2145959211&t=lw&tp=','item/yaojingweiba.png','孕育传说的魔导师工会','',0,0,30,3.5,0,0,0,0),(107,3,0,'海贼王','http://mb.ac.qq.com/#!/comic/505430','item/haizeiwang.png','向着伟大航道，迎接大海贼时代','',0,0,64,4,0,0,0,0),(108,3,0,'盗墓笔记','http://manhua.yicha.cn/manhua/cartoonsimple_e7ed3f0aaa6c4198.html?cartoonId=e7ed3f0aaa6c4198&site=2145959211&t=lw&tp=','item/daomubiji.png','千万粉丝期待5年之久的结局','',0,0,43,3,0,0,0,0),(109,3,0,'行尸走肉','http://mb.ac.qq.com/#!/comic/459049/001802','item/xingshizourou.png','恐怖瘟疫下的求生之路','',0,0,28,4,0,0,0,0),(110,3,0,'死神','http://mb.ac.qq.com/#!/comic/501661/001804','item/sishen.png','维护三界安定，死神虚化','',0,0,33,3,0,0,0,0),(111,3,0,'守护甜心','http://manhua.yicha.cn/manhua/cartoonsimple_830d83e2d9d9b7b5.html?cartoonId=830d83e2d9d9b7b5&site=2145959211&t=lw&tp=','item/shouhutianxin.png','每个人心里都蕴藏着理想的自己','',0,0,34,3.5,0,0,0,0),(112,3,0,'鬼镇','http://mb.ac.qq.com/#!/comic/460258','item/guizhen.png','爱与宽恕皆残酷','',0,0,11,3,0,0,0,0),(113,3,0,'尸兄','http://mb.ac.qq.com/#!/comic/17114/001804','item/shixiong.png','重口味丧尸漫画','',0,0,41,3,0,0,0,0),(114,3,0,'黑执事','http://manhua.yicha.cn/manhua/cartoonsimple_cb65a2237005b8aa.html?cartoonId=cb65a2237005b8aa&site=2145959211&t=lw&tp=','item/heizhishi.png','契约者的灵魂，诡异华丽风','',0,0,23,4,0,0,0,0),(115,3,0,'笔王','http://mb.ac.qq.com/#!/comic/2574','item/biwang.png','略显糊涂的救世主','',0,0,11,4,0,0,0,0),(116,3,0,'隔离带','http://mb.ac.qq.com/#!/comic/464324','item/gelidai.png','二战致命病毒泄漏','',0,0,10,4,0,0,0,0),(117,3,0,'全职猎人','http://manhua.yicha.cn/manhua/cartoonsimple_600622a35bc8ad07.html?cartoonId=600622a35bc8ad07&site=2145959211&t=lw&tp=','item/quanzhilieren.png','血腥又温情，富坚义博巅峰制作','',0,0,12,4,0,0,0,0),(118,3,0,'风云II','http://manhua.yicha.cn/manhua/cartoonsimple_987ace39d044f108.html?cartoonId=987ace39d044f108&site=2145959211&t=lw&tp=','item/fengyuner.png','金麟岂是池中物，一遇风云便化龙','',0,0,17,3,0,0,0,0),(119,3,0,'唐宫天下美人','http://mb.ac.qq.com/#!/comic/509070/001804','item/tanggong.png','宫斗大戏全彩漫画','',0,0,31,4,0,0,0,0),(120,3,0,'银魂','http://mb.ac.qq.com/#!/comic/505435/001804','item/yinhun.png','地球人与“天人”之间的战争','',0,0,17,4,0,0,0,0),(121,3,0,'君临臣下','http://mb.ac.qq.com/#!/comic/275832/001802','item/junlintianxia.png','七星攻略篇后全彩','',0,0,14,3,0,0,0,0),(122,3,0,'圣斗士星矢','http://mb.ac.qq.com/#!/comic/505440/001804','item/shengdoushixinshi.png','圣斗士们与邪神展开的圣战','',0,0,13,3,0,0,0,0),(123,3,0,'鬼幻奇谭','http://mb.ac.qq.com/#!/comic/500922/001804','item/guihuanqitan.png','解读古董背后的姻缘宿苦','',0,0,10,4,0,0,0,0),(124,3,0,'这不是dota','http://mb.ac.qq.com/#!/comic/480487/001804','item/zhebushidota.png','人气游戏dota同名漫画','',0,0,12,3,0,0,0,0),(125,3,0,'阿拉蕾','http://mb.ac.qq.com/#!/comic/505439/001804','item/alalei.png','从此世界便无宁日','',0,0,11,3,0,0,0,0),(126,3,0,'山海师','http://mb.ac.qq.com/#!/comic/9079/001804','item/shanhaishi.png','山海之间，乃天地之道，人本之所','',0,0,11,3,0,0,0,0),(127,3,0,'山河社稷图','http://mb.ac.qq.com/#!/comic/460066/001804','item/shanheshejitu.png','原来人类世界其实不是真实世界','',0,0,18,3,0,0,0,0),(128,4,0,'﻿QQ空间','http://m.qzone.com/infocenter?g_f=10855','item/qqkongjian.png','中国最大社交网络，QQ用户网上家园','',0,0,363,4,0,0,1,0),(129,4,0,'新浪微博','http://m.weibo.cn/?wm=5312_0010','item/xinlangweibo.png','随时分享身边的新鲜事儿','',0,0,192,5,0,0,0,0),(130,4,0,'腾讯微博','http://t.3g.qq.com/g/s?aid=3gen&g_ut=2&g_f=23015','item/tengxunweibo.png','与其在别处仰望，不如在这里并肩','',0,0,319,4,0,0,1,0),(131,4,0,'百度贴吧','http://wapp.baidu.com/?fr=qq_browser','item/baidutieba.png','随时随地“掌”握兴趣','',0,0,130,4,0,0,0,0),(132,4,0,'3GQQ','http://pt.3g.qq.com/s?g_f=189&aid=nLoginnew','item/3gqq.png','QQ聊天随时随地','',0,0,305,4,0,0,1,0),(133,4,0,'朋友网','http://f.qq.com/index.php?g_ut=2','item/pengyouwang.png','朋友就在你身边','',0,0,152,4,0,0,0,0),(134,4,0,'人人网','http://3g.renren.com/ep.do?c=9100406','item/renrenwang.png','实名制真实社交网络','',0,0,214,4,0,0,1,0),(135,4,0,'聊天女仆','http://maid.mengbaotao.com','item/liaotiannvpu.png','女仆陪聊，请主人轻点调戏','',0,0,166,4,0,0,0,0),(136,4,0,'猫扑','http://3g.mop.com/countc_o_2087','item/maopu.png','创新娱乐互动社区，网络文化发源地','',0,0,77,4,0,0,0,0),(137,4,0,'天涯','http://m.tianya.cn/touch/','item/tianya.png','最有影响力的娱乐八卦论坛','',0,0,130,4,0,0,0,0),(139,4,0,'论坛热帖','http://forum.html5.qq.com','item/luntanretie.png','火爆、八卦论坛热帖','',0,0,73,4,0,0,0,0),(140,4,0,'世纪佳缘','http://3g.jiayuan.com','item/shijijiayuan.png','中国最大的严肃婚恋交友网站','',0,0,49,3,0,0,0,0),(141,4,0,'QQ家园','http://house.3g.qq.com/touch/index.jsp?g_f=22151','item/qqjiayuan.png','腾讯出品，一站式娱乐化社区','',0,0,65,4,0,0,0,0),(142,4,0,'心理FM','http://m.xinli001.com/fm/qq/','item/xinlifm.png','生活中的心理学，听懂内心的声音','',0,0,75,4,0,0,0,0),(143,4,0,'飞信','http://f.10086.cn/im5/','item/feixin.png','精彩沟通，畅快体验','',0,0,104,4,0,0,0,0),(144,4,0,'有缘婚恋','http://youyuan.com/?from=3378','item/youyuanhunlian.png','想恋爱，想交友，想告别单身','',0,0,38,3,0,0,0,0),(145,4,0,'豆瓣','http://m.douban.com','item/douban.png','小清新文青都爱这里','',0,0,79,4,0,0,0,0),(146,4,0,'树洞的秘密','http://m.ai9475.com/mimi/qq','item/shudongdemimi.png','爱与孤独，秘密分享','',0,0,47,4,0,0,0,0),(147,4,0,'漂流瓶','http://ping.3g.cn/?fr=qq','item/piaoliuping.png','跨越千山万水，只为找到你','',0,0,72,3,0,0,0,0),(148,4,0,'知乎','http://www.zhihu.com/','item/zhihu.png','网络问答社区，寻找答案分享知识','',0,0,56,4,0,0,0,0),(149,4,0,'回声','http://huisheng.fm?rc=qbrowser','item/huisheng.png','总有一些回声能够温暖你的心','',0,0,37,3,0,0,0,0),(150,4,0,'同城约会','http://3g.yuehui.163.com/mobile/','item/tongcheng.png','妹纸爱戳这里','',0,0,91,3,0,0,0,0),(152,4,0,'情话','http://i.ifeng.com/emo/qingganhuati/qgzbj_index?vt=5&ch=qq_h5qh','item/qinghua.png','情感类话题讨论专区','',0,0,48,3,0,0,0,0),(153,4,0,'机锋论坛','http://bbs.gfan.com/mobile/index.php?type=tencent','item/jifengluntan.png','中国第一安卓手机交流社区','',0,0,40,4,0,0,0,0),(154,4,0,'我的秘密','http://m.xinli001.com/hole/qq/','item/wodemimi.png','心底的声音，请把它留在这里','',0,0,28,4,0,0,0,0),(155,4,0,'搜狐社区','http://m.club.sohu.com','item/souhushequ.png','分享生活每一天','',0,0,27,4,0,0,0,0),(156,4,0,'微博寻缘','http://ti.3g.qq.com/touch/iphone/index.jsp?g_f=20819#qixi_1','item/weiboxunyuan.png','指纹交友，手指轻触，追寻缘分','',0,0,30,3,0,0,0,0),(157,4,0,'百合婚恋','http://3g.baihe.com','item/baihehunlian.png','妹纸都来了，你在哪儿','',0,0,29,4,0,0,0,0),(158,4,0,'记梦','http://m.ai9475.com/meng/qq','item/jimeng.png','梦是另一个世界的体验','',0,0,16,3,0,0,0,0),(159,4,0,'街旁','http://jiepang.com/s/','item/jiepang.png','即点即用，别装街旁APP了','',0,0,17,4,0,0,0,0),(160,4,0,'开心网','http://iphone.kaixin001.com/bookmark.php?id=qqbrowser','item/kaixin.png','白领最爱的网络社区','',0,0,33,4,0,0,0,0),(161,4,0,'邂逅','http://x.3g.cn/?fr=qq','item/xiehou.png','与身边的TA来次邂逅吧','',0,0,42,4,0,0,0,0),(162,4,0,'笔友','http://m.ai9475.com/biyou/qq','item/biyou.png','与笔友聊聊你的梦想吧','',0,0,23,4,0,0,0,0),(163,4,0,'POCO世界','http://m.poco.cn/mobile/','item/poco.png','趣味手拍，总有一张打动你','',0,0,25,4,0,0,0,0),(164,4,0,'彩民论坛','http://www.caipiaokong.com/forum.php?mobile=yes','item/caimin.png','彩民掌上互动论坛','',0,0,20,3,0,0,0,0),(165,4,0,'堆糖','http://m.duitang.com','item/duitang.png','发现生活中的美好','',0,0,18,4,0,0,0,0),(166,4,0,'幸福日记','http://m.ai9475.com/riji/qq','item/xinfuriji.png','记住时光，记住与爱有关的日子','',0,0,22,4,0,0,0,0),(167,4,0,'西祠胡同','http://m.xici.net/','item/xicihutong.png','城市生活社区门户','',0,0,19,3,0,0,0,0),(168,4,0,'珍爱交友','http://m.zhenai.com','item/zhenaijiaoyou.png','相亲快，找珍爱，乐嘉推荐','',0,0,25,3,0,0,0,0),(169,4,0,'搜狐微博','http://w.sohu.com/m/home.do?src=2002000001','item/sohuweibo.png','看最新资讯，饱览海量信息','',0,0,26,3,0,0,0,0),(170,4,0,'每日一拍','http://m.ai9475.com/meitian/qq','item/meiriyipai.png','用相片记录自己每天的改变','',0,0,20,3,0,0,0,0),(171,4,0,'安卓论坛','http://www.anzhuo.cn?fr=qq','item/anzhuoluntan.png','专业数码评测媒体','',0,0,31,3,0,0,0,0),(172,4,0,'19楼','http://www.19lou.com/wap?source=m_qqbrower','item/19lou.png','中国最大的城市生活社区网站','',0,0,19,4,0,0,0,0),(173,4,0,'宠物中国','http://m.chinapet.com/','item/chongwuzhongguo.png','关爱宠物，伴侣一生','',0,0,30,4,0,0,0,0),(174,5,0,'﻿百度','http://m.baidu.com/','item/baidu.png','全球最大的中文搜索引擎','',0,0,29,5,0,0,0,0),(175,5,0,'QQ邮箱','https://w.mail.qq.com/cgi-bin/loginpage','item/QQyouxiang.png','腾讯免费和增值邮箱服务','',0,0,315,5,0,0,1,0),(176,5,0,'百度地图','http://map.baidu.com/mobile/webapp/index/index/?third_party=qqbrowser','item/baiduditu.png','路盲专供','',0,0,301,5,0,0,1,0),(177,5,0,'驾校一点通','http://m.jxedt.com/?mobile=qq','item/jiaxiaoyidiantong.png','妈妈再也不担心驾照考不过了','',0,0,163,5,0,0,0,0),(178,5,0,'火车票预订','http://www.tieyou.com/','item/huochepiaoyuding.png','国内领先的火车票代购服务平台','',0,0,207,5,0,0,1,0),(179,5,0,'算命大全','http://m.lnka.cn/','item/suanmingdaquan.png','八字算命、运势测试','',0,0,260,5,0,0,1,0),(180,5,0,'365日历','http://baidu365.duapp.com/qq/Calendar.html','item/365rili.png','万年历、节假查询与一体','',0,0,147,5,0,0,0,0),(181,5,0,'万年历','http://m.46644.com/tool/calendar/?tpltype=qq','item/wannianli.png','在线日历查询，欢迎使用','',0,0,117,5,0,0,0,0),(182,5,0,'在线算命','http://www.pixiazi.com/3gindex.html','item/zaixiansuanming.png','八字、解梦、灵签，应有尽有','',0,0,166,5,0,0,0,0),(183,5,0,'在线翻译','http://m.46644.com/tool/translate/?tpltype=qq','item/zaixianfanyi.png','实用！再也不怕ABC了','',0,0,285,5,0,0,1,0),(184,5,0,'手机体检','http://msm.qq.com/browser/index.html','item/shoujitiyan.png','30秒让你快速解脱','',0,0,182,5,0,0,0,0),(185,5,0,'手机英语','http://m.tp230.cn/','item/shoujiyingyu.png','学英语，So Easy','',0,0,150,5,0,0,0,0),(186,5,0,'宜搜','http://wap.easou.com/?cid=cbgw','item/yisou.png','专注无线搜索','',0,0,74,5,0,0,0,0),(187,5,0,'QQ网盘','http://disk.html5.qq.com/disk','item/QQwangpan.png','QQ在线存储云服务','',0,0,95,5,0,0,0,0),(188,5,0,'爱帮公交','http://gj.aibang.com/qqbrower/','item/aibanggongjiao.png','免费公交线路查询','',0,0,121,5,0,0,0,0),(189,5,0,'百度百科','http://wapbaike.baidu.com/?adapt=1&','item/baidubaike.png','全球最大的自由开放的百科全书','',0,0,141,5,0,0,0,0),(190,5,0,'汽车标志大全','http://app.goopins.com/qq_sign/index.html','item/qichebiaozhidaquan.png','世界汽车车标图片大全','',0,0,234,5,0,0,1,0),(191,5,0,'海词词典','http://m.dict.cn/','item/haicicidian.png','学英语，So easy！','',0,0,89,5,0,0,0,0),(192,5,0,'搜狗','http://www.sogou.com/','item/sougou.png','上网从搜狗开始','',0,0,88,5,0,0,0,0),(193,5,0,'快递查询','http://m.kuaidi100.com/','item/kuaidichaxun.png','智能跟踪快递信息','',0,0,185,5,0,0,0,0),(194,5,0,'长途汽车查询','http://m.46644.com/tool/bus/?tpltype=qq','item/changtuqichechaxun.png','提供全国各大汽车站出行信息','',0,0,157,5,0,0,0,0),(195,5,0,'QQ便民','http://hft.3g.qq.com/','item/QQbianmin.png','便捷Q币、会员、话费充值服务','',0,0,34,5,0,0,0,0),(196,5,0,'常用电话','http://m.46644.com/tool/tel/?tpltype=qq','item/changyongdianhua.png','市面上使用频率最高的电话合集','',0,0,119,5,0,0,0,0),(197,5,0,'火车信息查询','http://m.kuxun.cn/train.html?fromid=sarakzqqbrowser','item/huochexinxichaxun.png','3956个车站、3142次列车，实时更新','',0,0,171,5,0,0,0,0),(198,5,0,'QQ充值中心','http://chong.qq.com/tws/entra/getpanel?id=486','item/QQchongzhizhongxin.png','腾讯官方生活服务平台','',0,0,33,5,0,0,0,0),(199,5,0,'翻译','http://translate.google.cn/m/translate','item/fanyi.png','在线翻译工具','',0,0,94,5,0,0,0,0),(200,5,0,'163邮箱','http://smart.mail.163.com/','item/163youxiang.png','163邮箱，网易制造','',0,0,101,5,0,0,0,0),(201,5,0,'微车查违章','http://cha.weiche.me/webqq','item/weichechaweizhang.png','违章查询，也可以很有范儿！','',0,0,95,5,0,0,0,0),(202,5,0,'微经验','http://m.vsyo.com/','item/weijingyan.png','分享经验，少走弯路','',0,0,49,5,0,0,0,0),(203,5,0,'金山词霸','http://wap.iciba.com/?qq','item/jinshanciba.png','权威在线词典','',0,0,102,5,0,0,0,0),(204,5,0,'高德地图','http://mo.amap.com/#search','item/gaodeditu.png','一亿中国人的出行选择，值得信赖','',0,0,119,5,0,0,0,0),(205,5,0,'列车查询','http://touch.qunar.com/h5/train/?bd_source=c2112','item/liechechaxun.png','列车时刻表及列表动态','',0,0,109,5,0,0,0,0),(206,5,0,'违章查询','http://m.46644.com/tool/illegal/','item/weizhangchaxun.png','汽车违章信息查询','',0,0,76,5,0,0,0,0),(207,5,0,'公交查询','http://dp.sina.cn/dpool/tools/bus/','item/gongjiaochaxun.png','好用的公交查询工具','',0,0,130,5,0,0,0,0),(208,5,0,'充话费','http://hft.3g.qq.com/charge-calls.jsp?g_f=19145','item/chonghuafei.png','移动充值，随时随地','',0,0,79,5,0,0,0,0),(209,5,0,'身份证','http://m.46644.com/tool/idcard/','item/shenfenzheng.png','根据身份证号码查询身份证归属地','',0,0,125,5,0,0,0,0),(210,5,0,'百度文库','http://wk.baidu.com/','item/baiduwenku.png','全最最大的文档分享及免费下载平台','',0,0,116,5,0,0,0,0),(211,5,0,'联通营业厅','http://mob.10010.com/','item/liantongyingyeting.png','中国联通手机营业厅','',0,0,203,5,0,0,0,0),(212,5,0,'公务员考试','http://m.91up.cn/webapp/?appid=p118&cid=5002','item/gongwuyuankaoshi.png','公务员考试精品课程适用于公考考生','',0,0,40,5,0,0,0,0),(213,5,0,'智能公交查询','http://m.46644.com/tool/transit/','item/zhinenggongjiaochaxun.png','智能的出行规划','',0,0,58,5,0,0,0,0),(214,5,0,'账族','http://m.zonezu.com/','item/zhangzu.png','免费便捷在线记帐服务','',0,0,26,5,0,0,0,0),(215,5,0,'赶火车','http://m.ganhuoche.com/','item/ganhuoche.png','更快更方便的预订火车票','',0,0,48,5,0,0,0,0),(216,5,0,'139邮箱','http://html5.mail.10086.cn/?f=10227','item/139youxiang.png','便捷移动办公，随时随地收发邮件','',0,0,64,5,0,0,0,0),(217,5,0,'126邮箱','http://smart.mail.126.com/','item/126youxiang.png','126邮箱，网易制造','',0,0,52,5,0,0,0,0),(218,5,0,'背单词online','http://wordmemo.sinaapp.com/portable','item/beidancionline.png','单词学习专用','',0,0,57,5,0,0,0,0),(219,5,0,'电视节目预告','http://m.46644.com/tool/tv/','item/dianshijiemuyugao.png','境内外电视台一周节目信息预告','',0,0,98,5,0,0,0,0),(220,5,0,'百度经验','http://jingyan.baidu.com/','item/baidujingyan.png','实用生活指南','',0,0,57,5,0,0,0,0),(221,5,0,'坐车网','http://zuoche.com/touch/','item/zuochewang.png','都市圈，便捷的坐车网站','',0,0,29,5,0,0,0,0),(222,5,0,'酷讯机票','http://m.kuxun.cn/plane.html','item/kuxunjipiao.png','在线查询、购买最优质的特价机票','',0,0,33,5,0,0,0,0),(223,5,0,'计算器','http://m.46644.com/tool/calculator/','item/jisuanqi.png','一款简洁、功能实用的在线计算器','',0,0,75,5,0,0,0,0),(224,5,0,'邮箱助手','http://m.46644.com/mail/','item/youxiangzhushou.png','常用邮箱集合，方便用户使用','',0,0,40,5,0,0,0,0),(225,5,0,'互动百科','http://3g.baike.com/','item/hudongbaike.png','创新的用户知识分享','',0,0,35,5,0,0,0,0),(226,5,0,'中国移动咪咕音乐','http://m.10086.cn/wireless/n/index.htm','item/zhongguoyidongmiguyinyue.png','换铃声、下彩铃','',0,0,30,5,0,0,0,0),(227,5,0,'Gmail','http://www.gmail.com/','item/Gmail.png','谷歌Gmail邮件管理','',0,0,37,5,0,0,0,0),(228,5,0,'飞常准','http://m.veryzhun.com/','item/feichangzhun.png','航班跟踪，智能飞行','',0,0,27,5,0,0,0,0),(229,5,0,'多肉植物','http://www.duorou.me/index.php/duorou/webapp','item/duorouzhiwu.png','700余种多肉植物百科大全','',0,0,49,5,0,0,0,0),(230,5,0,'贷款查询','http://m.rong360.com/','item/daikuanchaxun.png','一站式比较，申请百家银行贷款','',0,0,43,5,0,0,0,0),(231,5,0,'ROM之家','http://m.romzhijia.net/','item/ROMzhijia.png','最专业、最纯净的安卓ROM下载站','',0,0,117,5,0,0,0,0),(232,5,0,'8684公交查询','http://m.8684.cn/','item/8684gongjiaochaxun.png','公交换乘线路查询','',0,0,70,5,0,0,0,0),(233,5,0,'贷款计算器','http://m.rong360.com/app/calculator','item/daikuanjisuanqi.png','科学贷款计算','',0,0,51,5,0,0,0,0),(234,6,0,'﻿腾讯视频','http://v.qq.com/','item/tengxunshipin.png','腾讯旗下高清视频门户网站','',0,0,386,5,0,0,1,0),(235,6,0,'优酷','http://www.youku.com/','item/youku.png','中国第一视频门户网站','',0,0,495,5,0,0,1,0),(236,6,0,'QQ音乐','http://m.y.qq.com/','item/QQyinyue.png','音乐你的生活','',0,0,259,5,0,0,1,0),(237,6,0,'酷狗','http://m.kugou.com/qq/browser.php','item/kugou.png','在线收听完美音质音乐','',0,0,226,5,0,0,0,0),(238,6,0,'土豆','http://www.tudou.com/','item/tudou.png','在线视频观看，原创视频上传分享','',0,0,212,5,0,0,0,0),(239,6,0,'快播高清','http://m.yunfan.com/v/?from=qq&type=android','item/kuaibogaoqing.png','最快最全的影视搜索，你懂的','',0,0,876,5,0,0,1,0),(240,6,0,'奇艺高清','http://m.iqiyi.com/','item/qiyigaoqing.png','最具价值的网络视频播放平台','',0,0,337,5,0,0,1,0),(241,6,0,'搜狐视频','http://m.tv.sohu.com/','item/souhushipin.png','搜狐旗下专业在线视频平台','',0,0,31,5,0,0,0,0),(242,6,0,'乐视影视','http://m.letv.com/','item/leshiyingshi.png','正版高清影视剧为主的视频网站','',0,0,243,5,0,0,1,0),(243,6,0,'PPS影音','http://m.pps.tv/','item/PPSyingyin.png','陪你看世界','',0,0,186,5,0,0,0,0),(244,6,0,'酷我音乐','http://m.kuwo.cn/?f=qqliulanqi','item/kuwoyinyue.png','中国最新最全的在线正版音乐网站','',0,0,129,5,0,0,0,0),(245,6,0,'掌上影院','http://app.m1905.cn/Vod/index/__SID/b0633ec6bb735f1503a30970150560de/','item/zhangshangyingyuan.png','央视电影频道官方电影垂直网站','',0,0,102,5,0,0,0,0),(246,6,0,'中国好声音第2季','http://m.tv.sohu.com/voice/','item/zhongguohaoshengyindi2ji.png','李琦淘汰三劲敌摘下桂冠','',0,0,31,5,0,0,0,0),(247,6,0,'十万个冷笑话','http://v.qq.com/cover/r/rae6lvs17hj1ueu.html?vid=Q001078qLYC','item/shiwangelengxiaohua.png','跨越千年的各种神吐槽','',0,0,52,5,0,0,0,0),(248,6,0,'爱听舞曲','http://m.aitmp3.com/','item/aitingwuqu.png','年度超劲爆舞曲试听','',0,0,70,5,0,0,0,0),(249,6,0,'DJ猫舞曲','http://m.1314wq.com/','item/DJmaowuqu.png','电音串烧，过瘾！','',0,0,106,5,0,0,0,0),(250,6,0,'非诚勿扰','http://v.qq.com/cover/2/2eown6pde8su9e7.html','item/feichengwurao.png','现代生活节奏的大型婚恋交友节目','',0,0,51,5,0,0,0,0),(251,6,0,'PPTV','http://m.pptv.com/','item/PPTV.png','一起看新鲜','',0,0,143,5,0,0,0,0),(252,6,0,'天天动听','http://m.ttpod.com/','item/tiantiandongting.png','好音质，天天动听','',0,0,102,5,0,0,0,0),(253,6,0,'56视频','http://m.56.com/?qqbrowser','item/56shipin.png','56网是中国领先的视频网站','',0,0,93,5,0,0,0,0),(254,6,0,'百度音乐','http://music.baidu.com/','item/baiduyinyue.png','正版高品质音乐，最权威的音乐榜单','',0,0,97,5,0,0,0,0),(255,6,0,'宜搜音乐','http://mp3.easou.com/index.html#rec%3A','item/yisouyinyue.png','精准的搜索服务，享受高品质音乐','',0,0,35,5,0,0,0,0),(256,6,0,'酷6视频','http://m.ku6.com/','item/ku6shipin.png','中国第一视频门户','',0,0,88,5,0,0,0,0),(257,6,0,'倒霉熊','http://v.qq.com/cover/h/hmc0z7kb4pldg4d.html?vid=Y0010M0aC9Z','item/daomeixiong.png','笨呼呼的北极熊总是搞砸一切','',0,0,39,5,0,0,0,0),(258,6,0,'悦读FM','http://yuedu.fm/','item/yueduFM.png','倾听文字声音的豆瓣小站','',0,0,37,5,0,0,0,0),(259,6,0,'快乐大本营','http://v.qq.com/cover/2/29l7vhuw95vcepk.html','item/kuailedabenying.png','全民娱乐，内地最受欢迎综艺节目','',0,0,61,5,0,0,0,0),(260,6,0,'中国梦想秀','http://v.qq.com/cover/c/c42h878prjcyauz.html?vid=b0012hbtiu4','item/zhongguomengxiangxiu.png','浙江卫视大型公益圆梦惊喜秀','',0,0,22,5,0,0,0,0),(261,6,0,'爱情公寓','http://m.youku.com/sdbj_inc/minisite/smartphone/lovehome.html','item/aiqinggongyu.png','都市情景喜剧，时尚男女最爱','',0,0,32,5,0,0,0,0),(262,6,0,'凤凰V视','http://i.ifeng.com/video/qqvideoindex.f?vt=5&ch=rj_tx_vs','item/fenghuangVshi.png','最具新闻价值与媒体气质的视频应用','',0,0,56,5,0,0,0,0),(263,6,0,'屌丝男士','http://m.tv.sohu.com/album/s5081732.shtml','item/diaosinanshi.png','笑出屎了！极品屌丝奇葩趣事','',0,0,38,5,0,0,0,0),(264,6,0,'百变大咖秀','http://v.qq.com/cover/w/w4g6sud6bgtl0su.html?vid=t0012uzyt4q','item/baibiandakaxiu.png','多重笑点，不断惊喜的音乐娱乐节目','',0,0,32,5,0,0,0,0),(265,6,0,'甄嬛传','http://m.letv.com/vplay_1578861.html','item/zhenhuanzhuan.png','引发收视狂潮的后宫情感大戏','',0,0,18,5,0,0,0,0),(266,6,0,'百度随心听','http://fm.baidu.com/','item/baidusuixinting.png','发现贴心好音乐','',0,0,36,5,0,0,0,0),(267,6,0,'豆瓣FM','http://douban.fm/partner/qqappbrowser','item/doubanFM.png','文艺你的音乐时光','',0,0,39,5,0,0,0,0),(268,6,0,'凤眼看世界','http://i.ifeng.com/video/qq_shishidianping?ch=qq_fhsp','item/fengyankanshijie.png','主持嘉宾给力，观点独到，点评犀利','',0,0,25,5,0,0,0,0),(269,6,0,'3G视频','http://video.3g.cn/','item/3Gshipin.png','火爆视频一网打尽','',0,0,53,5,0,0,0,0),(270,6,0,'中国好声音音乐专辑','http://www.kuwo.cn/hsy/html5/reback/dqlist.jsp?f=hz&from=qqliulanqi','item/zhongguohaoshengyinyinyuezhuanji.png','酷我独家好声音音乐直播','',0,0,22,5,0,0,0,0),(271,6,0,'虾米电台','http://www.xiami.com/web/radio/qqbrowser','item/xiamidiantai.png','爱音乐的人都是热爱生活的人','',0,0,35,5,0,0,0,0),(272,6,0,'短片精选','http://m.xinli001.com/movie/qq/','item/duanpianjingxuan.png','5分钟看懂人心','',0,0,32,5,0,0,0,0),(273,6,0,'舌尖上的中国','http://m.tv.sohu.com/album/s1012726.shtml/?pvid=8f48ca24f84b7102','item/shejianshangdezhongguo.png','了解中华饮食文化的精致和源远流长','',0,0,47,5,0,0,0,0),(274,6,0,'易查音乐','http://m.yicha.cn/tm/index.html','item/yichayinyue.png','媲美客户端的页面音乐播放体验','',0,0,16,5,0,0,0,0),(275,6,0,'我叫MT','http://v.qq.com/cover/c/ckv2zpb5qpn8csn.html?vid=9bAgDOeZoOG','item/wojiaoMT.png','根据《魔兽世界》改编的动画剧集','',0,0,11,5,0,0,0,0),(276,6,0,'快乐男声','http://v.qq.com/cover/a/awvdd87ut6msahg.html','item/kuailenansheng.png','想唱就唱，听我的','',0,0,14,5,0,0,0,0),(277,6,0,'大学生了没','http://m.tv.sohu.com/album/s1000138.shtml/?pvid=8f48ca24f84b7102','item/daxueshenglemei.png','讨论时下年轻人不一样的思想观','',0,0,14,5,0,0,0,0),(278,6,0,'康熙来了','http://v.qq.com/cover/r/rcvlcer6fu5einh.html?vid=i00126896n6','item/kangxilaile.png','台湾最红明星麻辣访谈','',0,0,15,5,0,0,0,0),(279,6,0,'搞笑漫画日和','http://v.qq.com/cover/1/1zsq4cxm7gkty8t.html?vid=m0010NZcmLW','item/gaoxiaomanhuarihe.png','无厘头笑点，滑稽动漫剧情','',0,0,15,5,0,0,0,0),(280,6,0,'创意广告','http://m.iqiyi.com/ad/','item/chuangyiguanggao.png','真的是广告吗？!','',0,0,30,5,0,0,0,0),(281,7,0,'﻿糗事百科','http://m.qiushibaike.com/','item/qiushibaike.png','各种搞笑犯贱的糗事','',0,0,204,5,0,0,0,0),(282,7,0,'我爱冷笑话','http://www.walxh.com/mobile/joke/','item/woailengxiaohua.png','原谅我一生放荡不羁笑点低','',0,0,164,5,0,0,0,0),(283,7,0,'百思不得姐','http://www.budejie.com/','item/baisibudejie.png','姐有感而发，对人生的渴望','',0,0,153,5,0,0,0,0),(284,7,0,'内涵段子','http://m.toutiao.com/essay/joke/','item/neihanduanzi.png','看段子秒懂者可谓真内涵','',0,0,151,5,0,0,0,0),(285,7,0,'冷笑话精选','http://m.lengxiaohua.cn/touch/index','item/lengxiaohuajingxuan.png','这是只黄兔子，专讲冷笑话','',0,0,81,5,0,0,0,0),(286,7,0,'爱讲冷笑话','http://m.lengxiaohua.com/','item/aijianglengxiaohua.png','华人圈最大的冷笑话幽默类网站','',0,0,64,5,0,0,0,0),(287,7,0,'捧腹网','http://m.pengfu.com/','item/pengfuwang.png','捧腹开怀，笑出水儿','',0,0,95,5,0,0,0,0),(288,7,0,'笑不死也乐死','http://huaban.com/fm/qqxiaosi/pins/?md=qqapp','item/xiaobusiyelesi.png','真的词穷了，总之很好笑','',0,0,98,5,0,0,0,0),(289,7,0,'内涵百科','http://m.nhdz.cc/','item/neihanbaike.png','哥从此不再寂寞','',0,0,79,5,0,0,0,0),(290,7,0,'笑话控','http://www.xhkong.com/mobile/','item/xiaohuakong.png','一个容易找到快乐的地方','',0,0,62,5,0,0,0,0),(291,7,0,'笑你妹','http://wap.xiaonim.com/','item/xiaonimei.png','各种冷囧糗二的段子','',0,0,44,5,0,0,0,0),(292,7,0,'超级QQ','http://sqq.3g.qq.com/html5/index.jsp','item/chaojiQQ.png','精彩娱乐，尊享QQ特权','',0,0,49,5,0,0,0,0),(293,7,0,'神吐槽','http://m.sohu.com/cl/4734/?_trans','item/shentucao.png','跟神一起吐槽，免费不要门票','',0,0,55,5,0,0,0,0),(294,7,0,'美色娱乐圈','http://ent.3g.cn/?fr=msqq','item/meiseyulequan.png','热辣美女写真,明星绯闻盘点','',0,0,54,5,0,0,0,0),(295,7,0,'笑话集','http://wap.jokeji.cn/','item/xiaohuaji.png','看完我就笑抽了','',0,0,53,5,0,0,0,0),(296,7,0,'QQ网名大全','http://qq.dm005.com/wangming/qq/','item/QQwangmingdaquan.png','最新最全的QQ网名大全','',0,0,62,5,0,0,0,0),(297,7,0,'爱电影','http://infoapp.3g.qq.com/g/s?aid=movie&s_it','item/aidianying.png','我的电影欲望清单','',0,0,45,5,0,0,0,0),(298,7,0,'活动特权','http://act.imtt.qq.com/actcenter','item/huodongtequan.png','QQ浏览器官方活动中心','',0,0,10,5,0,0,0,0),(299,7,0,'糗到爆','http://huaban.com/fm/qiushi/pins/','item/qiudaobao.png','糗到爆的笑话和段子','',0,0,23,5,0,0,0,0),(300,7,0,'八贱事','http://mob.8jianshi.com/','item/bajianshi.png','每天爆笑8贱事,让您贱笑了','',0,0,27,5,0,0,0,0),(301,7,0,'爆笑笑话','http://www.dudula.cn/qqwebapp/index.asp','item/baoxiaoxiaohua.png','笑的合不拢嘴','',0,0,43,5,0,0,0,0),(302,7,0,'巨有趣','http://www.juyouqu.com/','item/juyouqu.png','让你快乐','',0,0,20,5,0,0,0,0),(303,7,0,'蛋花儿','http://danhuaer.com/','item/danhuaer.png','最短时间收集灵感，找寻有趣之物','',0,0,26,5,0,0,0,0),(304,7,0,'独家策划','http://m.sohu.com/cr/4710/?_trans','item/dujiacehua.png','天天有爆料','',0,0,12,5,0,0,0,0),(305,7,0,'明星海报','http://m.haibao.com/','item/mingxinghaibao.png','时尚、快乐、新鲜、自我','',0,0,21,5,0,0,0,0),(306,7,0,'想开心网','http://www.xiangkaixin.com/','item/xiangkaixinwang.png','笑料分享平台','',0,0,18,5,0,0,0,0),(307,7,0,'搞笑大王','http://www.gaoxiaodawang.com/','item/gaoxiaodawang.png','搞笑无边界，节操无底线','',0,0,30,5,0,0,0,0),(308,7,0,'嘻嘻哈哈','http://wap.xxhh.com/','item/xixihaha.png','嘻嘻哈哈穷开心','',0,0,16,5,0,0,0,0),(309,7,0,'极品一百','http://jipin100s.w190.mc-test.com/','item/jipinyibai.png','掌上的搞笑专家','',0,0,13,5,0,0,0,0),(310,7,0,'胡侃糗事','http://m.hookan.com/','item/hukanqiushi.png','让她笑起来','',0,0,21,5,0,0,0,0),(311,7,0,'吐槽神器','http://www.qule8.com/mob/tucao','item/tucaoshenqi.png','神吐槽制作器，简单易学','',0,0,21,5,0,0,0,0),(312,7,0,'快乐麻花','http://m.kl688.com/','item/kuailemahua.png','幽默笑话乐翻天','',0,0,31,5,0,0,0,0),(313,7,0,'怪讯网','http://m.guaixun.com/','item/guaixunwang.png','专门搞笑','',0,0,14,5,0,0,0,0),(314,7,0,'内涵猫','http://xoyomo.com/','item/neihanmao.png','分享内涵段子，传递幽默正能量','',0,0,16,5,0,0,0,0),(315,7,0,'纳尼网','http://m.nani.cc/','item/naniwang.png','可能是中国最有趣的娱乐网站','',0,0,16,5,0,0,0,0),(316,7,0,'娱画报','http://xuan.3g.cn/magazine/Huabao/','item/yuhuabao.png','大牌明星深度访谈','',0,0,16,5,0,0,0,0),(317,7,0,'第一视觉','http://sports.3g.cn/vision.php?fr=qqvision','item/diyishijue.png','体坛巨星深度揭秘','',0,0,15,5,0,0,0,0),(318,7,0,'儒豹段子','http://joke.roboo.com/','item/rubaoduanzi.png','各种幽默段子','',0,0,20,5,0,0,0,0),(319,7,0,'糗事语录','http://www.qiushiyulu.com/','item/qiushiyulu.png','有图有真相的糗事','',0,0,27,5,0,0,0,0),(320,8,0,'﻿高清美图','http://yicha.cn/union/u.jsp?p=i&amp;site=2145958800&amp;key=','item/gaoqingmeitu.png','高清、无码妹子图','',0,0,1114,0,0,0,1,0),(321,8,0,'美女辣图','http://latu.3g.cn/index.html','item/meinvlatu.png','网罗天下美女，尽在美女辣图','',0,0,581,0,0,0,1,0),(323,8,0,'性感不是骚','http://huaban.com/fm/qqxinggan/pins/','item/xingganbushisao.png','个性性感视觉','',0,0,561,0,0,0,1,0),(324,8,0,'悦图','http://info.3g.qq.com/g/s?aid=image&amp;g_f=22053','item/yuetu.png','读图论道，腾讯出品','',0,0,137,0,0,0,0,0),(325,8,0,'诱惑美女','http://m.poco.cn/like/','item/youhuomeinv.png','性感魅惑、娇媚动人','',0,0,900,0,0,0,1,0),(326,8,0,'爱壁纸','http://open.lovebizhi.com/','item/aibizhi.png','海量壁纸库，总有你喜欢的','',0,0,139,5,0,0,0,0),(327,8,0,'绝色风情尤物','http://huaban.com/fm/qqjuese/pins/','item/juesefengqingyouwu.png','风情万种，绝色诱惑','',0,0,359,0,0,0,1,0),(329,8,0,'百度图片','http://m.baidu.com/img','item/baidutupian.png','亿万美图，由百度图片频道提供','',0,0,216,0,0,0,0,0),(330,8,0,'私房美女','http://bbs.voc.com.cn/3g/mm/','item/sifangmeinv.png','美女私房高清秘照','',0,0,624,0,0,0,1,0),(331,8,0,'唯美图片','http://yidodo.net/index.php?m=h5','item/weimeitupian.png','唯美、小清新图文集','',0,0,125,0,0,0,0,0),(332,8,0,'堆糖壁纸','http://m.duitang.com/category/wallpaper_avatar/','item/duitangbizhi.png','以美好生活为主题的壁纸社区','',0,0,48,0,0,0,0,0),(333,8,0,'治愈系图片','http://m.xinli001.com/cureimg/','item/zhiyuxitupian.png','将身边的美好与温暖赠与你','',0,0,102,0,0,0,0,0),(334,8,0,'优美图片','http://m.topit.me/','item/youmeitupian.png','不止看美女','',0,0,207,0,0,0,0,0),(335,8,0,'米堆视觉','http://m.midui.com','item/miduishijue.png','优秀摄影作品分享','',0,0,42,0,0,0,0,0),(336,8,0,'安卓壁纸','http://qqweb.androidesk.com','item/anzhuobizhi.png','网罗全球最优秀的动态壁纸','',0,0,90,0,0,0,0,0),(337,8,0,'被膜拜的牛图','http://huaban.com/fm/qqniutu/pins/','item/beimobaideniutu.png','每一张图都有亮点','',0,0,51,0,0,0,0,0),(338,8,0,'萌妹纸画报','http://huaban.com/fm/qqmeizhi/pins/','item/mengmeizhihuabao.png','青春无敌，卖萌无罪','',0,0,102,0,0,0,0,0),(341,8,0,'POCO摄影','http://m.poco.cn/','item/POCOsheying.png','发现和分享时尚摄影潮流','',0,0,47,0,0,0,0,0),(342,8,0,'断流的涂鸦墙','http://huaban.com/fm/qqduanliu/pins/','item/duanliudetuyaqiang.png','断流涂鸦，记录心情','',0,0,39,0,0,0,0,0),(343,8,0,'超治愈萌宠','http://huaban.com/fm/qqmengchong/pins/','item/chaozhiyumengchong.png','作为一只萌货，卖萌才是正经事','',0,0,46,0,0,0,0,0),(344,8,0,'中新网图库','http://m.chinanews.com/iphone/hd2011/index.htm','item/zhongxinwangtuku.png','中文新闻门户图片频道，时时更新','',0,0,45,0,0,0,0,0),(345,9,0,'﻿心理测试','http://m.xinli001.com/ceshi/','item/xinliceshi.png','最有趣、最准确的各类心理测试','',0,0,266,0,0,0,1,0),(346,9,0,'58同城','http://m.58.com/','item/58tongcheng.png','中国领先分类信息网站','',0,0,212,0,0,0,1,0),(347,9,0,'快速问医生','http://m.120ask.com/','item/kuaisuwenyisheng.png','寻医问药，有问必答','',0,0,162,0,0,0,0,0),(348,9,0,'赶集','http://3g.ganji.cn/','item/ganji.png','著名招聘、租房、二手买卖网站','',0,0,183,0,0,0,0,0),(349,9,0,'艺龙酒店','http://m.elong.com/','item/yilongjiudian.png','艺龙专业酒店预订服务','',0,0,25,0,0,0,0,0),(350,9,0,'下厨房','http://m.xiachufang.com/','item/xiachufang.png','唯有美食与爱不可辜负','',0,0,107,0,0,0,0,0),(351,9,0,'一天一道家常菜','http://home.meishichina.com/apps/qq/meirijiachang/','item/yitianyidaojiachangcai.png','让家庭餐桌更加美味多彩','',0,0,246,0,0,0,1,0),(352,9,0,'去哪儿','http://touch.qunar.com/','item/qunaer.png','想去哪儿，就去哪儿','',0,0,173,0,0,0,0,0),(353,9,0,'大众点评','http://m.dianping.com/','item/dazhongdianping.png','中国城市消费指南','',0,0,78,0,0,0,0,0),(354,9,0,'QQ电影票','http://piao.qq.com/m/index.html','item/QQdianyingpiao.png','低至4折，在线电影票订购网站','',0,0,47,0,0,0,0,0),(355,9,0,'前程无忧51job','http://m.51job.com/','item/qianchengwuyou51job.png','海量职位，免费求职找工作','',0,0,103,0,0,0,0,0),(356,9,0,'心理杂志','http://m.xinli001.com/infos/','item/xinlizazhi.png','每天学点好玩、实用的心理学','',0,0,170,0,0,0,0,0),(357,9,0,'微景旅游','http://m.3dyou.cn/','item/weijinglvyou.png','全球景点实地导览服务平台','',0,0,41,0,0,0,0,0),(358,9,0,'家庭医生','http://3g.familydoctor.com.cn/','item/jiatingyisheng.png','中国最专业的健康门户网站','',0,0,131,0,0,0,0,0),(359,9,0,'QQ彩票','http://m.888.qq.com','item/QQcaipiao.png','随时随地享受购彩乐趣','',0,0,53,0,0,0,0,0),(360,9,0,'家常菜大全','http://webapp.douguo.com/txapp/tag/jiachang','item/jiachangcaidaquan.png','最受大众欢迎的简单创新家常料理','',0,0,215,0,0,0,1,0),(361,9,0,'豆果美食','http://m.douguo.com/platapp/','item/douguomeishi.png','中文美食菜谱分享网站','',0,0,30,0,0,0,0,0),(362,9,0,'携程','http://m.ctrip.com','item/xiecheng.png','中国领先的在线旅行服务','',0,0,61,0,0,0,0,0),(363,9,0,'减肥菜谱','http://webapp.douguo.com/txapp/tag/jianfei/','item/jianfeicaipu.png','7月不减肥，8月徒伤悲，9月……','',0,0,138,0,0,0,0,0),(364,9,0,'薄荷瘦身','http://i.boohee.com/','item/boheshoushen.png','脸大不是病腿粗要人命！加油胖纸','',0,0,104,0,0,0,0,0),(365,9,0,'美食天下','http://home.meishichina.com/wap.php/','item/meishitianxia.png','最大的美食网站与厨艺交流社区','',0,0,83,0,0,0,0,0),(366,9,0,'气象频道','http://3g.tianqi.cn','item/qixiangpindao.png','阴晴雨雪随时知道','',0,0,78,0,0,0,0,0),(367,9,0,'好大夫','http://m.haodf.com/touch','item/haodaifu.png','中国最大的医疗网站','',0,0,76,0,0,0,0,0),(368,9,0,'爱尚美妆','http://m.meiliedu.com/','item/aishangmeizhuang.png','跟我学化妆，每天都做漂亮女人','',0,0,76,0,0,0,0,0),(369,9,0,'百姓网','http://www.baixing.com/','item/baixingwang.png','最全的二手物品交易平台','',0,0,111,0,0,0,0,0),(370,9,0,'曝工资','http://bgz.3g.cn','item/baogongzi.png','匿名曝工资待遇、比工资水平','',0,0,53,0,0,0,0,0),(371,9,0,'美容食谱','http://webapp.douguo.com/txapp/tag/meirong','item/meirongshipu.png','享受美味，健康美丽吃出来','',0,0,57,0,0,0,0,0),(372,9,0,'淘宝身边优惠','http://bendi.m.taobao.com/','item/taobaoshenbianyouhui.png','吃喝玩乐全都有','',0,0,42,0,0,0,0,0),(373,9,0,'天气预报','http://m.hao123.com/a/tianqi/','item/tianqiyubao.png','天气信息权威预报','',0,0,75,0,0,0,0,0),(374,9,0,'健康测试','http://m.meishij.net/health/','item/jiankangceshi.png','足不出户了解自己身体的健康状况','',0,0,101,0,0,0,0,0),(375,9,0,'应届生招聘','http://m.jobui.com/yingjiesheng/','item/yingjieshengzhaopin.png','帮助应届生发现更多就业机会','',0,0,56,0,0,0,0,0),(376,9,0,'蚂蜂窝旅游攻略','http://m.mafengwo.cn/','item/mafengwolvyougonglue.png','邂逅每一次旅途的风景','',0,0,32,0,0,0,0,0),(377,9,0,'美食杰','http://m.meishij.net/html5/','item/meishijie.png','专业美食网络信息服务平台','',0,0,51,0,0,0,0,0),(378,9,0,'早餐食谱','http://home.meishichina.com/apps/msc_h5/zaocan/','item/zaocanshipu.png','和百万大厨共享美味营养早餐','',0,0,89,0,0,0,0,0),(379,9,0,'QQ旅游','http://go.qq.com/touch/','item/QQlvyou.png','腾讯专业旅游预订平台','',0,0,15,0,0,0,0,0),(380,9,0,'女性食谱','http://home.meishichina.com/apps/msc_h5/nvxing/','item/nvxingshipu.png','最美女人健康食谱','',0,0,66,0,0,0,0,0),(381,9,0,'健康有问必答','http://3g.club.xywy.com/','item/jiankangyouwenbida.png','帮助用户更好的问医，择医，投医','',0,0,44,0,0,0,0,0),(382,9,0,'养生菜谱','http://home.meishichina.com/apps/qq/chunji/','item/yangshengcaipu.png','常用四季养生膳食','',0,0,87,0,0,0,0,0),(383,9,0,'微心理','http://m.weixinli.net','item/weixinli.png','有趣的心理互动分享社区','',0,0,50,0,0,0,0,0),(384,9,0,'99健康网','http://m.99.com.cn','item/99jiankangwang.png','交流健康养生之道','',0,0,32,0,0,0,0,0),(385,9,0,'化妆宝典','http://huazhuang.manle.com/index.php','item/huazhuangbaodian.png','完美妆容宝典秘籍','',0,0,66,0,0,0,0,0),(386,9,0,'一起去旅行','http://www.feekr.com','item/yiqiqulvyou.png','专注于做大家想看的攻略体验','',0,0,41,0,0,0,0,0),(387,9,0,'川菜大全','http://webapp.douguo.com/txapp/tag/chuancai','item/chuancaidaquan.png','川菜制作，快速入门','',0,0,93,0,0,0,0,0),(388,9,0,'美丽家','http://m.meilijia.com','item/meilijia.png','好想有个家……','',0,0,22,0,0,0,0,0),(389,9,0,'吃货日记','http://m.yuelvxing.com/mzine/','item/chihuoriji.png','了解世界各地的文化，吃遍天下美食','',0,0,33,0,0,0,0,0),(390,9,0,'恋屋志','http://house.3g.cn/ihome/index.html?fr=ihome','item/lianwuzhi.png','海量装修案例，做自己的生活家','',0,0,32,0,0,0,0,0),(391,9,0,'壹心理','http://m.xinli001.com/','item/yixinli.png','纯粹的心理学网站','',0,0,43,0,0,0,0,0),(392,9,0,'菜市场','http://i.tiantiantiao.com','item/caishichang.png','一手农贸信息','',0,0,62,0,0,0,0,0),(393,9,0,'粗粮食谱','http://home.meishichina.com/apps/msc_h5/culiang/','item/culiangshipu.png','营养粗粮健康搭配食谱','',0,0,61,0,0,0,0,0),(394,9,0,'养生大观','http://i.ifeng.com/health/ysdg/ysdgi','item/yangshengdaguan.png','日常养生小常识','',0,0,80,0,0,0,0,0),(395,9,0,'双色球','https://wap.tenpay.com/html5/app/caipiao/cgBall.html','item/shuangseqiu.png','双色球购买平台','',0,0,57,0,0,0,0,0),(396,9,0,'轻松学做外国菜','http://home.meishichina.com/apps/qq/waiguo','item/qingsongxuezuowaiguocai.png','实用外国菜制作秘笈','',0,0,53,0,0,0,0,0),(397,9,0,'500彩票','http://3g.500.com/base_index','item/500caipiao.png','中国体彩、福彩交易资讯平台','',0,0,25,0,0,0,0,0),(398,9,0,'彩票控','http://m.caipiaokong.com/','item/caipiaokong.png','福彩与体彩实时开奖信息','',0,0,44,0,0,0,0,0),(399,9,0,'烘焙食谱','http://home.meishichina.com/apps/msc_h5/hongpei/','item/hongpeishipu.png','时尚主妇厨房烘焙宝典','',0,0,52,0,0,0,0,0),(400,9,0,'三九养生堂','http://m.39yst.com','item/sanjiuyangshengtang.png','致力于让国人健康起来','',0,0,43,0,0,0,0,0),(401,9,0,'用药安全','http://m.120.net/yyaq/','item/yongyaoanquan.png','常用药品使用指南','',0,0,70,0,0,0,0,0),(402,9,0,'搜狐天气','http://m.sohu.com/weather/','item/souhutianqi.png','天气查询，搜狐出品','',0,0,26,0,0,0,0,0),(403,9,0,'景点打折门票','http://wap.yikuaiqu.com/','item/jingdiandazhemenpiao.png','1-9折门票免费查询预订','',0,0,37,0,0,0,0,0),(404,9,0,'彩88彩票','http://m.cai88.com/','item/cai88caipiao.png','提供彩票投注及彩票资讯等服务','',0,0,17,0,0,0,0,0),(405,9,0,'美甲LOVE','http://m.meijialove.com','item/meijiaLOVE.png','教你如何打造靓指甲','',0,0,26,0,0,0,0,0),(406,9,0,'幸福心理网','http://i.nlp.cn/','item/xingfuxinlixue.png','简单易学的心理学门户网站','',0,0,32,0,0,0,0,0),(407,9,0,'杜蕾斯','http://m.durex.com.cn','item/duleisi.png','不想过父亲节，请用杜蕾斯','',0,0,24,0,0,0,0,0),(408,9,0,'中医体质测试','http://m.meishij.net/tizhi/','item/zhongyitizhiceshi.png','中医体质轻松搞定','',0,0,40,0,0,0,0,0),(409,9,0,'叫外卖','http://m.kaichiba.com','item/jiaowaimai.png','每月总有那么几天不想去食堂吃饭','',0,0,36,0,0,0,0,0),(410,9,0,'天天食谱','http://m.ttmeishi.com/','item/tiantianshipu.png','天天好味口,美味好心情','',0,0,55,0,0,0,0,0),(411,9,0,'美食密码','http://huaban.com/fm/mima/pins','item/meishimima.png','吃货青年和厨房软妹的最爱','',0,0,30,0,0,0,0,0),(412,9,0,'爱帮附近','http://m.aibang.com','item/aibangfujin.png','为你提供附近场所搜索服务','',0,0,25,0,0,0,0,0),(413,9,0,'掌上药店','http://yaodian.manle.com/index.php','item/zhangshangyaodian.png','周边搜索，带您找到最近的药店','',0,0,33,0,0,0,0,0),(414,9,0,'急救指南','http://m.120ask.com/jijiu/','item/jijiuzhinan.png','急救实用手册帮您减少危机伤害','',0,0,45,0,0,0,0,0),(415,9,0,'面包旅行','http://breadtrip.com/explore/','item/mianbaolvxing.png','一生中不可不看的风景','',0,0,24,0,0,0,0,0),(416,9,0,'晒工资','http://m.fenzhi.com','item/shaigongzi.png','看了你们的工资我想哭，真的!','',0,0,18,0,0,0,0,0),(417,9,0,'健康经验','http://m.120ask.com/jingyan/','item/jiankangjingyan.png','有帮助性的健康经验','',0,0,32,0,0,0,0,0),(418,9,0,'特惠酒店','http://m.kuxun.cn/hotel.html','item/tehuijiudian.png','摇一摇，快速订酒店','',0,0,19,0,0,0,0,0),(419,9,0,'搜房','http://m.soufun.com/','item/soufang.png','中国最大的房地产家居网络平台','',0,0,31,0,0,0,0,0),(420,9,0,'美女爱旅行','http://m.mafengwo.cn/p/qq/mm.php','item/meinvailvxing.png','一个背包，一部单反，说走就走','',0,0,12,0,0,0,0,0),(421,9,0,'穷游','http://m.qyer.com/','item/qiongyou.png','全世界华人旅行者交流分享平台','',0,0,20,0,0,0,0,0),(422,9,0,'育儿日历','http://3g.mmbang.com/yuer','item/yuerrili.png','全面育儿知识大全，宝宝成长更无忧','',0,0,29,0,0,0,0,0),(423,9,0,'母婴宝典','http://muying.manle.com','item/muyingbaodian.png','中国领先母婴信息搜索平台','',0,0,20,0,0,0,0,0),(424,9,0,'毕业爱旅行','http://m.mafengwo.cn/p/topic.php?&amp;id=2','item/biyeailvxing.png','旅行话别，不知再见是何年','',0,0,7,0,0,0,0,0),(425,9,0,'妈妈圈','http://m.mama.cn/q/','item/mamaquan.png','帮助妈妈们解决育儿中遇到的困难','',0,0,31,0,0,0,0,0),(426,9,0,'路趣','http://www.roadqu.com/mobile/m/home.php','item/luqu.png','拥有最多户外好玩地点新锐旅游网站','',0,0,17,0,0,0,0,0),(427,9,0,'饭菜网','http://m.fancai.com/','item/fancaiwang.png','有家，有爱，有饭菜','',0,0,25,0,0,0,0,0),(428,9,0,'旅图画报','http://lvtu.qunar.com/','item/lvtuhuabao.png','不一样的精美游记','',0,0,13,0,0,0,0,0),(429,9,0,'搜疾病问医生','http://m.soujibing.com/','item/soujibingwenyisheng.png','快速找医院，在线咨询预约挂号!','',0,0,15,0,0,0,0,0),(430,9,0,'猎聘网','http://m.lietou.com/','item/liepinwang.png','找工作，找猎头，上猎聘！','',0,0,27,0,0,0,0,0),(431,9,0,'蚂蚁短租','http://m.mayi.com/','item/mayiduanzu.png','赶集旗下诚信短租在线交易平台','',0,0,13,0,0,0,0,0),(432,9,0,'淘影','http://m.taoying.com','item/taoying.png','没用过观影电影？你奥特曼了！','',0,0,14,0,0,0,0,0),(433,9,0,'抠电影','http://m.komovie.cn/','item/koudianying.png','从未有过的一站式电影服务体验','',0,0,18,0,0,0,0,0),(434,9,0,'观影指南','http://piao.qq.com/acts/html5/gyzn.htm','item/guanyingzhinan.png','靠谱的精彩电影推荐','',0,0,18,0,0,0,0,0),(435,9,0,'Mtime时光网','http://m.mtime.cn/','item/Mtimeshiguangwang.png','范女神上演一夜惊喜','',0,0,12,0,0,0,0,0),(436,9,0,'新浪百事通','http://bst.sina.cn/','item/xinlangbaishitong.png','新浪网实用生活工具','',0,0,46,0,0,0,0,0),(437,9,0,'寻医问药','http://3g.xywy.com/','item/xunyiwenyao.png','完善、方便、快捷的健康综合服务','',0,0,22,0,0,0,0,0),(438,9,0,'爱结婚尚','http://m.ijie.com','item/aijiehunshang.png','爱结婚尚，来自纽约','',0,0,15,0,0,0,0,0),(439,9,0,'爱乐透彩票','http://3g.iletou.com/','item/ailetoucaipiao.png','彩票走势、开奖信息、在线购彩','',0,0,19,0,0,0,0,0),(440,9,0,'易迅彩票','http://518.qq.com/go.xhtml','item/yixuncaipiao.png','快速购彩，早日致富','',0,0,11,0,0,0,0,0),(441,9,0,'去买呀票务','http://m.qumaiya.com','item/qumaiyapiaowu.png','提供火车票信息检索服务','',0,0,14,0,0,0,0,0),(442,9,0,'挂号网','http://m.guahao.com','item/guahaowang.png','实名医患交流平台','',0,0,25,0,0,0,0,0),(443,9,0,'高频彩票','http://m.igaopin.cn/','item/gaopincaipiao.png','每十分钟一次开奖','',0,0,7,0,0,0,0,0),(444,9,0,'39健康','http://3g.39.net/wap/i/index.html','item/39jiankang.png','中国第一健康门户网站','',0,0,24,0,0,0,0,0),(445,9,0,'饭桶网','http://m.fantong.com/','item/fantongwang.png','立志做吃货','',0,0,16,0,0,0,0,0),(446,9,0,'布丁优惠券','http://y.buding.cn/','item/budingyouhuiquan.png','麦当劳等优惠券随手下','',0,0,14,0,0,0,0,0),(447,9,0,'安居客房产','http://m.anjuke.com/','item/anjukefangchan.png','国内第一房地产租售服务平台','',0,0,16,0,0,0,0,0),(448,9,0,'美食热恋期','http://huaban.com/fm/qqrelianqi/pins/','item/meishirelianqi.png','只要活着，就一定能遇到好吃的','',0,0,15,0,0,0,0,0),(449,9,0,'悦旅行','http://m.yuelvxing.com','item/yuelvxing.png','美好的生活观念和旅行故事','',0,0,7,0,0,0,0,0),(450,9,0,'宝宝树','http://m.babytree.com/','item/baobaoshu.png','育儿经验交流平台','',0,0,15,0,0,0,0,0),(451,9,0,'大麦网','http://m.damai.cn','item/damaiwang.png','中国最大票务平台','',0,0,12,0,0,0,0,0),(452,9,0,'播种网','http://m.seedit.com/wapindex.html','item/bozhongwang.png','贴心孕育指南','',0,0,10,0,0,0,0,0),(453,9,0,'职友集','http://m.jobui.com/','item/zhiyouji.png','国内知名的职位搜索引擎','',0,0,16,0,0,0,0,0),(454,9,0,'旅行生活杂志','http://m.yuelvxing.com/mzine','item/lvxingshenghuozazhi.png','分享旅行经历，传递美好幸福','',0,0,4,0,0,0,0,0),(455,9,0,'结伴拼途','http://m.pintour.com/','item/jiebanpintu.png','找个人去旅游','',0,0,9,0,0,0,0,0),(456,9,0,'神州租车','http://m.zuche.com/','item/shenzhouzuche.png','专业汽车租赁服务商','',0,0,15,0,0,0,0,0),(457,9,0,'澳客彩票','http://mc.okooo.com/','item/aokecaipiao.png','彩票赢家首选的专业投注网站','',0,0,10,0,0,0,0,0),(458,9,0,'景点酒店预订','http://m.yododo.cn','item/jingdianjiudianyuding.png','营造旅行者路上的家园','',0,0,11,0,0,0,0,0),(459,9,0,'酒店达人','http://apps.ikamobile.cn/hf_web/mobile/','item/jiudiandaren.png','帮您轻松查询周边酒店信息','',0,0,14,0,0,0,0,0),(460,9,0,'3G彩票','http://gc.3g.cn/gcxuan/XuanIndex4.html','item/3Gcaipiao.png','开心赢大奖','',0,0,12,0,0,0,0,0),(461,9,0,'卖座电影','http://m.maizuo.com','item/maizuodianying.png','在线电影订座','',0,0,8,0,0,0,0,0),(462,9,0,'酷讯旅游网','http://m.kuxun.cn/','item/kuxunlvyouwang.png','海量机票、酒店搜索信息服务','',0,0,10,0,0,0,0,0),(463,9,0,'孕育问答','http://mask.mama.cn/','item/yunyuwenda.png','聪明妈妈，孕育解答','',0,0,11,0,0,0,0,0),(464,9,0,'途牛旅游','http://m.tuniu.com','item/tuniulvyou.png','要旅游，找途牛','',0,0,22,0,0,0,0,0),(465,9,0,'住哪网','http://m.zhuna.cn/','item/zhunawang.png','订酒店，赚返利','',0,0,15,0,0,0,0,0),(466,9,0,'到喜婚宴','http://m.daoxila.com/','item/daoxihunyan.png','婚宴预订专家','',0,0,10,0,0,0,0,0),(467,9,0,'缤客全球酒店预订','http://m.booking.com/','item/binfenkequanqiujiudianyuding.png','不出掌心，预订世界','',0,0,11,0,0,0,0,0),(468,10,0,'﻿搜狗小说','http://k.sogou.com','item/sougouxiaoshuo.png','强大的小说搜索与阅读服务','',0,0,107,0,0,0,0,0),(471,10,0,'宜搜小说','http://book.easou.com/t/index.m','item/yisouxiaoshuo.png','最快、最新、最全的小说搜索阅读','',0,0,280,0,0,0,1,0),(473,10,0,'言情小说吧','http://w.xs8.cn','item/yanqingxiaoshuoba.png','在阅读中体会心动的感觉','',0,0,110,0,0,0,0,0),(475,10,0,'起点文学','http://m.qidian.com','item/qidianwenxue.png','国内领先的原创文学门户网站','',0,0,137,0,0,0,0,0),(476,10,0,'话匣子听书','http://m.huaxiazi.com/book.aspx','item/huaxiazitingshu.png','释放眼睛，用心聆听','',0,0,50,0,0,0,0,0),(477,10,0,'潇湘书院','http://m.xxsy.net','item/xiaoxiangshuyuan.png','美女最钟爱的小说阅读网站','',0,0,69,0,0,0,0,0),(479,10,0,'17K小说','http://m.17kts.com/html5/','item/17Kxiaoshuo.png','您没看过的好书','',0,0,90,0,0,0,0,0),(480,10,0,'书旗小说','http://t.shuqi.com/','item/shuqixiaoshuo.png','舒适小说阅读体验','',0,0,180,0,0,0,0,0),(481,10,0,'红袖添香','http://wap.hongxiu.com/iphone/index.html','item/hongxiutianxiang.png','聚集最触动心弦的言情小说','',0,0,83,0,0,0,0,0),(482,10,0,'新浪读书','http://book.sina.cn/','item/xinlangdushu.png','让阅读成为你的时尚','',0,0,63,0,0,0,0,0),(483,10,0,'云中书城','http://m.yuncheng.com','item/yunzhongshucheng.png','中文正版，盛大出品','',0,0,44,0,0,0,0,0),(484,10,0,'手机阅读','http://wap.cmread.com','item/shoujiyuedu.png','中国移动官方手机阅读服务','',0,0,61,0,0,0,0,0),(485,10,0,'小说阅读网','http://t.xs.cn/?tpl_style=bright','item/xiaoshuoyueduwang.png','专注原创小说的网站','',0,0,69,0,0,0,0,0),(486,10,0,'掌阅','http://m.ireader.com','item/zhangyue.png','爱读书，读好书','',0,0,89,0,0,0,0,0),(487,10,0,'3G书城','http://book.3g.cn/IPIndex.aspx','item/3Gshucheng.png','最前沿的小说阅读体验','',0,0,35,0,0,0,0,0),(489,10,0,'凤鸣轩','http://wap.fmx.cn/index.php?s=/index/index/t/html5/','item/fengmingxuan.png','国内知名的原创言情小说网站','',0,0,23,0,0,0,0,0),(490,10,0,'易查听书','http://yicha.cn/union/u.jsp?p=ting&amp;site=2145959952&amp;key=','item/yichatingshu.png','你想听的都在这里','',0,0,54,0,0,0,0,0),(497,10,0,'儒豹小说','http://book.roboo.com/proxy/novel/index_cpb.jsp?f=1303190002','item/rubaoxiaoshuo.png','海量小说搜索，免费阅读','',0,0,46,0,0,0,0,0),(498,10,0,'椰枫书苑','http://yipip.com','item/yefengshuyuan.png','收录了全球最经典的小说著作','',0,0,34,0,0,0,0,0),(499,10,0,'塔读文学','http://t.tadu.com','item/taduwenxue.png','精品小说在线阅读','',0,0,34,0,0,0,0,0),(562,11,0,'Bubble','http://xwuz.com/bubble/','item/Bubble.png','轻点消去同色泡泡，看你能坚持多久！','',0,0,156,0,0,0,0,0),(563,11,0,'问答超人','http://u.3g.cn/qasuperman/?fr=bdyy','item/Wendachaoren.png','看看你的智商能击败多少玩家。教你百科，扩大你的知识面，常人>也能变超人','',0,0,103,5,0,0,0,0),(564,11,0,'贪吃蛇','http://h.lexun.com/game/snake/play.aspx','item/Tanchishe.png','一款很有意思的贪吃蛇小游戏，游戏画面非常精致。点击屏幕上\n模拟键盘操控蛇移动方向，尽可能吃到更多的水果！游戏关卡十分有挑战性，喜欢贪吃蛇的朋友一定不要错过哦','',0,0,118,5,0,0,0,0),(565,11,0,'2D井字棋','http://h.lexun.com/game/TicTacToe/play.aspx','item/2Djingziqi.png','这是一种在3*3格子上进行的连珠小游戏，和五子棋比较>类似，由于棋盘一般不画边框，格线排成井字故得名。游戏规则：谁先使自己三个棋子连成一条线（横、竖、对角线都可以\n）就算赢','',0,0,80,5,0,0,0,0),(566,11,0,'保卫圣城','http://resource.duopao.com/leiyoo/duopao_game/duopao/Defense/Defense.htm','item/Baoweishengcheng.png','警报，恶魔来袭，拿起>你手中的武器，保卫圣域吧!不能退缩，后面就是家园！','',0,0,87,5,0,0,0,0),(567,11,0,'宠物连连看','http://resource.duopao.com/leiyoo/duopao_game/duopao/DreamPetLink/DreamPetLink.htm','item/Chongwulianliankan.png','考验的是>各位的眼力，在有限的时间内，把所有能连接的相同图案，两个一对地找出来','',0,0,107,5,0,0,0,0),(568,11,0,'朵拉钓鱼','http://h.lexun.com/game/HappyDolaFish/play.aspx','item/Duoladiaoyu.png','朵拉钓鱼是一个很酷的HTML5的游戏，你喜欢钓鱼么>？快来帮助朵拉钓鱼吧！','',0,0,73,5,0,0,0,0),(569,11,0,'黄金矿工','http://h.lexun.com/game/GoldNuggets/play.aspx','item/Huangjinkuanggong.png','经典小游戏黄金矿工，不用再说一遍规则了吧，抓去海\n底的黄金，简单容易上手！','',0,0,95,5,0,0,0,0),(570,11,0,'忍道','http://resource.duopao.com/leiyoo/duopao_game/show/project/renzhe/renzhe.html','item/Rendao.png','点击屏幕，完成忍者的\n试炼，领略忍道道义','',0,0,65,5,0,0,0,0),(571,11,0,'Turtle Rescue','http://www8.games.mobi/games/html5/turtle-rescue/index.html','item/Turtlerescue.png','移动乌龟横跨街道，不能被汽车>或其他动物碰到。触屏上下左右操作','',0,0,50,5,0,0,0,0),(572,11,0,'寻找路径','http://resource.duopao.com/leiyoo/duopao_game/duopao/Connect-lines/Connect-lines.htm','item/Xunzhaolujing.png','在一团乱>麻的线路中寻找一条通路，将所有的路和节点都遍历一遍。','',0,0,71,5,0,0,0,0),(573,11,0,'美女找茬','http://fg.html5.qq.com/play?gameId=1645','item/meinvzhaocha.png','找你妹','',0,0,154,0,0,0,0,0),(574,11,0,'美女拼图','http://play.3g.cn/mm/index.aspx','item/meinvpintu.png','手指一动，后宫三千佳丽尽收眼底','',0,0,79,0,0,0,0,0),(575,11,0,'让屋子飞','http://resource.duopao.com/duopao/games/small_games/leiyoo/project/feiwuhuanyouji/feiwuhuanyouji.html','item/rangwuzifei.png','系满气球的房屋，小心炸弹，起飞','',0,0,59,0,0,0,0,0),(576,11,0,'疯狂椰子','http://app.html5.twsapp.com/html5/Coconut/20130104142853/Coconut/index.html','item/fengkuangyezi.png','绑紧神经，堆积的>椰子也疯狂','',0,0,94,0,0,0,0,0),(577,9,0,'慢友帮','http://www.manyoubang.com/m','item/manyoubang.png','中国最大的慢性疾病病友互帮社区','',0,0,16,5,0,0,0,0),(579,11,0,'2048朝代版','http://2048.zerob13.in/?from=greentea','item/2048_chaodaiban.png','最热的2048朝代版，根本停不下来','',0,0,112,4.8,0,0,0,0),(580,8,0,'搜美图','http://tu.easou.com/?cid=hlai','item/soumeitu.png','每日分享最接地气的美图热图，搜一搜，有惊喜！总有一张给你好看！','',0,0,105,4.8,0,0,0,0),(581,5,0,'火车票达人','http://open.ikamobile.cn:8391/index?partner_id=004','item/huochepiaodaren.png','好用的查票、买票平台','',0,0,0,0,0,0,1,0),(582,1,0,'巴西世界杯','http://app.myzaker.com/news/topic.php?topic_id=535f6eda9490cb7e230000d6&f=LenovoMB','item/baxishijiebei.png','最快最全的世界杯新闻','',0,0,1,0,0,0,1,0);
/*!40000 ALTER TABLE `lite_item` ENABLE KEYS */;
UNLOCK TABLES;

--
-- Table structure for table `navi_banner`
--

DROP TABLE IF EXISTS `navi_banner`;
/*!40101 SET @saved_cs_client     = @@character_set_client */;
/*!40101 SET character_set_client = utf8 */;
CREATE TABLE `navi_banner` (
  `id` int(10) unsigned NOT NULL AUTO_INCREMENT,
  `title` varchar(255) NOT NULL,
  `url` varchar(255) NOT NULL,
  `img_url` varchar(255) NOT NULL,
  PRIMARY KEY (`id`)
) ENGINE=InnoDB AUTO_INCREMENT=21 DEFAULT CHARSET=utf8;
/*!40101 SET character_set_client = @saved_cs_client */;

--
-- Dumping data for table `navi_banner`
--

LOCK TABLES `navi_banner` WRITE;
/*!40000 ALTER TABLE `navi_banner` DISABLE KEYS */;
INSERT INTO `navi_banner` VALUES (18,'koke','http://bbs.lenovo.com/','http://hao.lenovo.com/upload/20131206/rmfs_1.jpg'),(19,'科比','http://bbs.lenovo.com','http://hao.lenovo.com/upload/20131206/rmfs_3_1.jpg'),(20,'phone','http://bbs.lenovo.com','http://hao.lenovo.com/upload/20131206/v4__01_1.jpg');
/*!40000 ALTER TABLE `navi_banner` ENABLE KEYS */;
UNLOCK TABLES;

--
-- Table structure for table `navi_cat`
--

DROP TABLE IF EXISTS `navi_cat`;
/*!40101 SET @saved_cs_client     = @@character_set_client */;
/*!40101 SET character_set_client = utf8 */;
CREATE TABLE `navi_cat` (
  `id` int(10) unsigned NOT NULL AUTO_INCREMENT,
  `title` varchar(255) NOT NULL,
  PRIMARY KEY (`id`)
) ENGINE=InnoDB AUTO_INCREMENT=67 DEFAULT CHARSET=utf8;
/*!40101 SET character_set_client = @saved_cs_client */;

--
-- Dumping data for table `navi_cat`
--

LOCK TABLES `navi_cat` WRITE;
/*!40000 ALTER TABLE `navi_cat` DISABLE KEYS */;
INSERT INTO `navi_cat` VALUES (56,'热门名站'),(57,'资讯阅读'),(58,'生活购物'),(59,'影音游戏'),(60,'社区交友'),(61,'休闲娱乐'),(62,'综合资讯'),(63,'更多分类'),(64,'实时查询'),(65,'常用电话'),(66,'装机必备');
/*!40000 ALTER TABLE `navi_cat` ENABLE KEYS */;
UNLOCK TABLES;

--
-- Table structure for table `navi_cat_son`
--

DROP TABLE IF EXISTS `navi_cat_son`;
/*!40101 SET @saved_cs_client     = @@character_set_client */;
/*!40101 SET character_set_client = utf8 */;
CREATE TABLE `navi_cat_son` (
  `id` int(10) unsigned NOT NULL AUTO_INCREMENT,
  `cat_id` int(10) NOT NULL,
  `title` varchar(255) NOT NULL,
  `url` varchar(255) NOT NULL,
  `b_color` varchar(20) NOT NULL,
  `a_color` varchar(20) NOT NULL,
  PRIMARY KEY (`id`),
  KEY `idx_cat_id` (`cat_id`)
) ENGINE=InnoDB AUTO_INCREMENT=389 DEFAULT CHARSET=utf8;
/*!40101 SET character_set_client = @saved_cs_client */;

--
-- Dumping data for table `navi_cat_son`
--

LOCK TABLES `navi_cat_son` WRITE;
/*!40000 ALTER TABLE `navi_cat_son` DISABLE KEYS */;
INSERT INTO `navi_cat_son` VALUES (322,56,'3G门户','http://hao.lenovo.com/api/url.php?p=index&a=http://xuan.3g.cn/index.php?fr=lenovoindex','ff437b0d','00000000'),(323,56,'中彩票','http://hao.lenovo.com/api/url.php?p=index&a=http://wap.zch168.com/main?sid=LM201207114920','ff437b0d','00000000'),(324,56,'爱淘宝','http://hao.lenovo.com/zt_gouwu.php','ff437b0d','00000000'),(325,56,'凤凰网','http://hao.lenovo.com/api/url.php?p=index&a=http://i.ifeng.com/?ch=zd_lx_dh','ff437b0d','00000000'),(326,56,'新浪','http://hao.lenovo.com/api/url.php?p=index&a=http://3g.sina.com.cn','ff437b0d','00000000'),(327,56,'红袖','http://hao.lenovo.com/api/url.php?p=index&a=http://wap.hongxiu.com/?siteid=12','ff437b0d','00000000'),(328,56,'腾讯','http://hao.lenovo.com/api/url.php?p=index&a=http://xw.qq.com/','ff437b0d','00000000'),(329,56,'优酷','http://hao.lenovo.com/api/url.php?p=index&a=http://m.youku.com/smartphone/?copid=5gk46nru0rp7epmlkkvlna6d8','ff437b0d','00000000'),(330,56,'百度','http://hao.lenovo.com/api/url.php?p=index&a=http://m.baidu.com/?from=1505j','ff437b0d','00000000'),(331,56,'360搜索','http://hao.lenovo.com/api/url.php?p=index&a=http://m.so.com/?src=lenovo','ff437b0d','00000000'),(332,56,'理财','http://hao.lenovo.com/api/url.php?p=index&a=http://wap.howbuy.com/cooperation/licai.html?pid=LENOVO','ff437b0d','00000000'),(333,56,'铃声','http://hao.lenovo.com/api/url.php?p=index&a=http://rt.a8music.net/msrt/h.do?p=c21','ff437b0d','00000000'),(334,56,'求爱','http://hao.lenovo.com/api/url.php?p=index&a=http://www.qiu-ai.com/quick_register?flg=100331','ff437b0d','00000000'),(335,56,'贷款','http://hao.lenovo.com/api/url.php?p=index&a=http://dk.360doo.com/dk/mobile/index/156_696.html','ff437b0d','00000000'),(336,57,'新闻','http://hao.lenovo.com/xinwen.php','ff437b0d','00000000'),(337,57,'体育','http://hao.lenovo.com/tiyu.php','ff437b0d','00000000'),(338,57,'军事','http://hao.lenovo.com/junshi.php','ff437b0d','00000000'),(339,57,'小说','http://hao.lenovo.com/xiaoshuo.php','ff437b0d','00000000'),(340,58,'购物','http://hao.lenovo.com/gouwu.php','ff437b0d','00000000'),(341,58,'彩票','http://hao.lenovo.com/caipiao.php','ff437b0d','00000000'),(342,58,'团购','http://hao.lenovo.com/tuangou.php','ff437b0d','00000000'),(343,58,'生活','http://hao.lenovo.com/shenghuo.php','ff437b0d','00000000'),(344,59,'游戏','http://hao.lenovo.com/youxi.php','ff437b0d','00000000'),(345,59,'视频','http://hao.lenovo.com/shipin.php','ff437b0d','00000000'),(346,59,'动漫','http://hao.lenovo.com/dongman.php','ff437b0d','00000000'),(347,59,'音乐','http://hao.lenovo.com/yinyue.php','ff437b0d','00000000'),(348,60,'社区','http://hao.lenovo.com/shequ.php','ff437b0d','00000000'),(349,60,'婚恋','http://hao.lenovo.com/hunlian.php','ff437b0d','00000000'),(350,60,'微博','http://hao.lenovo.com/weibo.php','ff437b0d','00000000'),(351,61,'旅游','http://hao.lenovo.com/lvyou.php','ff437b0d','00000000'),(352,61,'星座','http://hao.lenovo.com/xingzuo.php','ff437b0d','00000000'),(353,61,'笑话','http://hao.lenovo.com/xiaohua.php','ff437b0d','00000000'),(354,61,'图铃','http://hao.lenovo.com/tuling.php','ff437b0d','00000000'),(355,62,'汽车','http://hao.lenovo.com/qiche.php','ff437b0d','00000000'),(356,62,'女性','http://hao.lenovo.com/nvxing.php','ff437b0d','00000000'),(357,62,'财经','http://hao.lenovo.com/caijing.php','ff437b0d','00000000'),(358,63,'应用','http://hao.lenovo.com/ruanjian.php','ff437b0d','00000000'),(359,63,'手机','http://hao.lenovo.com/shouji.php','ff437b0d','00000000'),(360,63,'招聘','http://hao.lenovo.com/zhaopin.php','ff437b0d','00000000'),(361,63,'高校','http://hao.lenovo.com/gaoxiao.php','ff437b0d','00000000'),(362,63,'娱乐','http://hao.lenovo.com/yule.php','ff437b0d','00000000'),(363,63,'银行','http://hao.lenovo.com/yinhang.php','ff437b0d','00000000'),(364,63,'邮箱','http://hao.lenovo.com/youxiang.php','ff437b0d','00000000'),(365,63,'房产','http://hao.lenovo.com/fangchan.php','ff437b0d','00000000'),(366,63,'教育','http://hao.lenovo.com/jiaoyu.php','ff437b0d','00000000'),(367,63,'主题','http://hao.lenovo.com/zhuti.php','ff437b0d','00000000'),(368,64,'彩票','http://wap.zch168.com/main?sid=LM201207114919','ff437b0d','00000000'),(369,64,'列车','http://touch.qunar.com/train.jsp?v=3','ff437b0d','00000000'),(370,64,'天气','http://wap.weather.com.cn/wap/','ff437b0d','00000000'),(371,64,'地图','http://wapmap.baidu.com','ff437b0d','00000000'),(372,64,'路况','http://dp.sina.cn/dpool/tools/citytraffic/index.php?p=0&serial=46551431499.7','ff437b0d','00000000'),(373,64,'航班','http://touch.qunar.com/flight.jsp?bd_source=&backUrl=%2F%3Fv%3D3','ff437b0d','00000000'),(374,64,'翻译','http://translate.google.com/m/translate','ff437b0d','00000000'),(375,64,'快递','http://wap.kuaidi100.com/','ff437b0d','00000000'),(376,64,'公交','http://wap.153151.cn/bus.php','ff437b0d','00000000'),(377,64,'解梦','http://m.147jiemeng.com/','ff437b0d','00000000'),(378,65,'114查询','tel:114','ff437b0d','00000000'),(379,65,'话费充值','tel.php#sh','ff437b0d','00000000'),(380,65,'酒店预定','tel:40099691469','ff437b0d','00000000'),(381,65,'肯德基订餐','tel:400814931493','ff437b0d','00000000'),(382,65,'电话购彩','tel:40000515211','ff437b0d','00000000'),(383,65,'查看更多','http://hao.lenovo.com/tel.php','ff437b0d','00000000'),(384,66,'0度浏览器','http://file.idea123.cn/app/browser/zeroBrowser-3920146.apk','ff437b0d','00000000'),(385,66,'百度视频','http://www.lenovomm.com/appstore/sl/107143701-17140','ff437b0d','00000000'),(386,66,'联想商城','http://image.lenovo.com.cn/mobileclient/LenovoMobileShopB2C.apk','ff437b0d','00000000'),(387,66,'蘑菇街','http://www.lenovomm.com/appstore/sl/10005392-17042','ff437b0d','00000000'),(388,66,'高德地图','http://www.lenovomm.com/appstore/sl/10150958-17046','ff437b0d','00000000');
/*!40000 ALTER TABLE `navi_cat_son` ENABLE KEYS */;
UNLOCK TABLES;

--
-- Table structure for table `navi_web_url`
--

DROP TABLE IF EXISTS `navi_web_url`;
/*!40101 SET @saved_cs_client     = @@character_set_client */;
/*!40101 SET character_set_client = utf8 */;
CREATE TABLE `navi_web_url` (
  `id` int(10) unsigned NOT NULL AUTO_INCREMENT,
  `cat_id` int(10) NOT NULL,
  `title` varchar(255) NOT NULL,
  `url` varchar(255) NOT NULL,
  `b_color` varchar(20) NOT NULL,
  `a_color` varchar(20) NOT NULL,
  PRIMARY KEY (`id`),
  KEY `idx_cat_id` (`cat_id`)
) ENGINE=InnoDB AUTO_INCREMENT=741 DEFAULT CHARSET=utf8;
/*!40101 SET character_set_client = @saved_cs_client */;

--
-- Dumping data for table `navi_web_url`
--

LOCK TABLES `navi_web_url` WRITE;
/*!40000 ALTER TABLE `navi_web_url` DISABLE KEYS */;
INSERT INTO `navi_web_url` VALUES (618,336,'百度','http://wap.baidu.com/news?lefr=lebrowser','ff333333','00000000'),(619,336,'新浪','http://3g.sina.com.cn/nc.php?pos=200&vt=4&lefr=lebrowser','ff333333','00000000'),(620,336,'网易','http://3g.163.com/touch/?lefr=lebrowser','ff333333','00000000'),(621,336,'人民','http://wap.people.com.cn/?lefr=lebrowser','ff333333','00000000'),(622,336,'央视','http://wap.cntv.cn?lefr=lebrowser','ff333333','00000000'),(623,337,'新浪','http://3g.sina.com.cn/3g/sports/?lefr=lebrowser','ff333333','00000000'),(624,337,'搜狐','http://m.sohu.com/c/3/?_ trans_=000012_lx_ty&lefr=lebrowser','fff44a15','00000000'),(625,337,'NBA','http://nba.sina.cn/?sid=101&pos=10&vt=4&lefr=lebrowser','ff333333','00000000'),(626,337,'虎扑','http://goto.hupu.com/?a=goClick&id=6843','ff333333','00000000'),(627,337,'网易','http://3g.163.com/sports/?lefr=lebrowser','ff333333','00000000'),(628,337,'腾讯','http://info.3g.qq.com/g/s?aid=sports_h&lefr=lebrowser','ff333333','00000000'),(629,338,'铁血','http://m.tiexue.net?lefr=lebrowser','ff333333','00000000'),(630,338,'凤凰','http://i.ifeng.com/mil/mili?vt=5&cid=0&aid=0&mid=omT3Q&lefr=lebrowser','ff333333','00000000'),(631,338,'环球','http://m.huanqiu.com/?lefr=lebrowser','ff333333','00000000'),(632,338,'新浪','http://3g.sina.com.cn/3g/jczs/?lefr=lebrowser','ff333333','00000000'),(633,338,'搜狐','http://m.sohu.com/c/8/?_ trans_=000012_lx_js&lefr=lebrowser','ff333333','00000000'),(634,339,'看书','http://www.08060.com.cn/access/index.php?ht=2000145&ptype=1000&lefr=lebrowser','fff44a15','00000000'),(635,339,'儒豹小说','http://book.roboo.com/proxy/novel/index_cpb.jsp?lefr=lebrowser','ff006cd1','00000000'),(636,339,'书客网','http://shuk.cc?lefr=lebrowser','fff44a15','00000000'),(637,339,'书香屋','http://nnss.cc/link/a.asp?idea123&lefr=lebrowser','ff333333','00000000'),(638,339,'麦视书城','http://wap.maxsee.net/in.jsp?id=3&lefr=lebrowser','ff333333','00000000'),(639,340,'唯品会','http://click.union.vip.com/redirect.php?url=eyJkZXN0dXJsIjoiaHR0cDpcL1wvbS52aXAuY29tXC8/Zj1tbGlhbngwMzIwIiwidWNvZGUiOiJpM2hicmx2dSIsInNjaGVtZWNvZGUiOiI3MjM1ODNlMSIsImNoYW4iOiJtbGlhbngwMzIwIn0=','ff006cd1','00000000'),(640,340,'亚马逊','http://www.amazon.cn/gp/aw/?_encoding=UTF8&tag=idea123cn-23&lefr=lebrowser','ff333333','00000000'),(641,340,'天猫','http://r.m.taobao.com/m3?p=mm_312055142_3333917_1014154440&c=1001&lefr=lebrowser','fff44a15','00000000'),(642,340,'淘宝网','http://m.taobao.com?ttid=51slx001&lefr=lebrowser','ff333333','00000000'),(643,340,'当当','http://m.dangdang.com?lefr=lebrowser','ff333333','00000000'),(644,341,'3G福彩','http://gc.3g.cn/gcxuan/XuanIndex.html?exid=2030&lefr=lebrowser','ff006cd1','00000000'),(645,341,'万彩吧','http://wcai8.com/?st=5&lefr=lebrowser','ff333333','00000000'),(646,341,'3G彩票','http://caipiao.3g.cn/?lefr=lebrowser','ff333333','00000000'),(647,341,'中彩票','http://wap.zch168.com/main?sid=LM201207114918&lefr=lebrowser','ff333333','00000000'),(648,341,'双色球','http://cp22.com/in.php?id=12&lefr=lebrowser','ff333333','00000000'),(649,342,'团800','http://m.tuan800.com/?union=lenovowap&utm_source=A_lenovo&vt=8&lefr=lebrowser','ff333333','00000000'),(650,342,'聚划算','http://ju.m.taobao.com/?ttid=52slx003&lefr=lebrowser','ff333333','00000000'),(651,342,'美团','http://r.union.meituan.com/url/visit/?a=1&key=Poi2ab8kQ5BwxARET0Xh1HqIfDnv3Gt4&lefr=lebrowser&url=http://i.meituan.com','ff333333','00000000'),(652,342,'拉手网','http://m.lashou.com/?lefr=lebrowser','ff333333','00000000'),(653,342,'糯米','http://m.nuomi.com/?lefr=lebrowser','ff333333','00000000'),(654,343,'赶集','http://3g.ganji.com/?lefr=lebrowser','ff333333','00000000'),(655,343,'58同城','http://wap.58.com/?lefr=lebrowser','ff333333','00000000'),(656,343,'点评','http://m.dianping.com/?lefr=lebrowser','ff333333','00000000'),(657,343,'搜房网','http://m.soufun.com/xf.d?m=xflist&city=cd&sf_source=wapxf_cd_idea123.cn&lefr=lebrowser','ff333333','00000000'),(658,344,'当乐','http://peer.downjoy.com/6591?lefr=lebrowser','ff006cd1','00000000'),(659,344,'QQ','http://csg.3g.qq.com/g/?lefr=lebrowser','ff333333','00000000'),(660,344,'多泡','http://www.duopao.com/?lefr=lebrowser','ff333333','00000000'),(661,344,'游戏世界','http://3g.lenovomm.com/w3g/appdetail/com/lenovo/gameworldphone/0?cnum=17071&lefr=lebrowser','ff333333','00000000'),(662,344,'17173','http://wap.17173.com/?lefr=lebrowser','ff333333','00000000'),(663,345,'搜狐','http://m.tv.sohu.com/?pvid=5e8ecdfd6cc11f21&lefr=lebrowser','ff333333','00000000'),(664,345,'优酷','http://m.youku.com/smartphone/?copid=5gk46nru0rp7epmlkkvlna6d8&lefr=lebrowser','ff006cd1','00000000'),(665,345,'土豆','http://m.tudou.com?lefr=lebrowser','ff333333','00000000'),(666,345,'奇艺','http://m.iqiyi.com/?msrc=1_15_12&lefr=lebrowser','ff333333','00000000'),(667,345,'百度','http://m.baidu.com/video?lefr=lebrowser','ff333333','00000000'),(668,345,'迈视3G','http://3g.maxtv.cn/?lefr=lebrowser','ff333333','00000000'),(669,346,'3G动漫','http://acg.3g.cn/Animation3G.aspx?lefr=lebrowser','ff333333','00000000'),(670,346,'爱漫画','http://wap.2kk.mobi/?lefr=lebrowser','ff333333','00000000'),(671,346,'经典','http://m.jdmh.cn/?lefr=lebrowser','ff333333','00000000'),(672,346,'手机动漫','http://wap.dm.10086.cn/T/a?isIndex=false&lefr=lebrowser','ff333333','00000000'),(673,346,'悠久','http://y9wap.com/?lefr=lebrowser','ff333333','00000000'),(674,346,'优酷','http://m.youku.com/wap/eachchannel?cid=100&lefr=lebrowser','ff333333','00000000'),(675,347,'酷狗','http://3g.kugou.com?lefr=lebrowser','ff333333','00000000'),(676,347,'3G','http://mp3.3g.cn?lefr=lebrowser','ff333333','00000000'),(677,347,'天天','http://m.ttpod.com?lefr=lebrowser','ff333333','00000000'),(678,347,'多米','http://m.duomi.com?lefr=lebrowser','ff333333','00000000'),(679,347,'新浪','http://ent.sina.cn/?sa=t148d33v30&vt=4&lefr=lebrowser','ff333333','00000000'),(680,347,'酷我','http://3g.kuwo.cn/?lefr=lebrowser','ff333333','00000000'),(681,348,'人人','http://m.renren.com/?lefr=lebrowser','ff333333','00000000'),(682,348,'天涯','http://m.tianya.cn/touch/?lefr=lebrowser','ff333333','00000000'),(683,348,'猫扑','http://m.mop.com/?lefr=lebrowser','ff333333','00000000'),(684,348,'百度','http://waphi.baidu.com/?lefr=lebrowser','ff333333','00000000'),(685,348,'QQ空间','http://m.qzone.com/?lefr=lebrowser','ff333333','00000000'),(686,348,'开心网','http://wap.kaixin001.com/?lefr=lebrowser','ff333333','00000000'),(687,349,'世纪佳缘','http://3g.jiayuan.com/?lefr=lebrowser','fff44a15','00000000'),(688,349,'百合','http://3g.baihe.com/index/?lefr=lebrowser','ff333333','00000000'),(689,349,'求爱网','http://www.qiu-ai.com/usr/home_page?lefr=lebrowser','fff44a15','00000000'),(690,349,'珍爱','http://m.zhenai.com?lefr=lebrowser','ff333333','00000000'),(691,349,'非诚勿扰','http://wap.jstv.com/fcwr/?lefr=lebrowser','ff333333','00000000'),(692,349,'速配网','http://m.supei.com/?lefr=lebrowser','ff333333','00000000'),(693,350,'新浪','https://m.weibo.cn?lefr=lebrowser','ff333333','00000000'),(694,350,'腾讯','http://ti.3g.qq.com/?lefr=lebrowser','ff333333','00000000'),(695,350,'凤凰','http://m.t.ifeng.com/?lefr=lebrowser','ff333333','00000000'),(696,350,'人民微博','http://w.people.com.cn/?lefr=lebrowser','ff333333','00000000'),(697,350,'饭否','http://wap.fanfou.com/?lefr=lebrowser','ff333333','00000000'),(698,351,'旅游','http://m.ctrip.com/?lefr=lebrowser','ff333333','00000000'),(699,351,'去哪儿','http://m.qunar.com/?lefr=lebrowser','ff333333','00000000'),(700,351,'途牛','http://m.tuniu.com/?lefr=lebrowser','ff333333','00000000'),(701,351,'艺龙','http://wap.elong.com/?lefr=lebrowser','ff333333','00000000'),(702,351,'同程网','http://wap.17u.cn/?lefr=lebrowser','ff333333','00000000'),(703,351,'125147','http://t.125147.com/?lefr=lebrowser','ff333333','00000000'),(704,352,'新浪','http://3g.sina.com.cn/3g/ast/?lefr=lebrowser','ff333333','00000000'),(705,352,'阿启','http://www.aqioo.cn/?lefr=lebrowser','ff333333','00000000'),(706,352,'3G','http://astro.3g.cn?lefr=lebrowser','ff333333','00000000'),(707,352,'搜狐','http://m.sohu.com/c/9/?lefr=lebrowser','ff333333','00000000'),(708,352,'每日运程','http://wap.moabc.com/wap/augury/constellationSelect.vm?type=1&lefr=lebrowser','ff333333','00000000'),(709,352,'泡泡','http://3g.pp.cn/channel/astro/index.jsp?lefr=lebrowser','ff333333','00000000'),(710,353,'糗百','http://m.qiushibaike.com/?lefr=lebrowser','ff333333','00000000'),(711,353,'捧腹网','http://m.pengfu.com/?lefr=lebrowser','ff333333','00000000'),(712,353,'段子','http://joke.roboo.com?f=140320000','ff006cd1','00000000'),(713,353,'冷笑话','http://m.lengxiaohua.cn?lefr=lebrowser','ff333333','00000000'),(714,353,'新浪','http://joke.sina.cn/?lefr=lebrowser','ff333333','00000000'),(715,353,'八目妖','http://gate.baidu.com/pn=7/bd_page_type=1/pu=0/tc?&m=0&src=www.haha168.com/&lefr=lebrowser','ff333333','00000000'),(716,354,'堆糖','http://m.duitang.com/?lefr=lebrowser','ff006cd1','00000000'),(717,354,'酷我','http://m.kuwo.cn/?lefr=lebrowser','ff333333','00000000'),(718,354,'酷狗','http://m.kugou.com/?lefr=lebrowser','ff333333','00000000'),(719,354,'百度','http://m.baidu.com/img?&from=1505j&lefr=lebrowser','ff333333','00000000'),(720,354,'美女','http://m.baidu.com/ssid=0/from=1505j/bd_page_type=1/uid=wiaui_13411569955_15171/pu=sz%40224_220/img?tn=bddir&word=1&dw=w240&bs=1143_208&pos=0&pn=0&pinf=0_6_0_@bdindex_@_@1143_208_@w240&sp=&mid=w240&class=meinvxiezhen&lefr=lebrowser','ff333333','00000000'),(721,354,'壁纸','http://open.lovebizhi.com/lenovo_nav.php?lefr=lebrowser','ff333333','00000000'),(722,354,'音乐','http://rt.a8music.net/msrt/h.do?p=c21&lefr=lebrowser','ff333333','00000000'),(723,355,'易车','http://m.yiche.com/?lefr=lebrowser','ff333333','00000000'),(724,355,'爱卡','http://wap.xcar.com.cn?lefr=lebrowser','ff333333','00000000'),(725,355,'新浪','http://3g.sina.com.cn/3g/auto/?lefr=lebrowser','ff333333','00000000'),(726,355,'搜狐','http://m.sohu.com/c/1592/?_ trans_=000012_lx_qc&lefr=lebrowser','ff333333','00000000'),(727,355,'腾讯','http://info.3g.qq.com/g/s?aid=auto_h&lefr=lebrowser','ff333333','00000000'),(728,355,'3G','http://auto.3g.cn/Auto3G.aspx?lefr=lebrowser','ff333333','00000000'),(729,356,'瑞丽','http://3g.rayli.com.cn?lefr=lebrowser','ff333333','00000000'),(730,356,'蘑菇街','http://m.mogujie.com?lefr=lebrowser','ff333333','00000000'),(731,356,'时尚','http://mobi.trends.com.cn?lefr=lebrowser','fff44a15','00000000'),(732,356,'YOKA','http://3g.yoka.com/?lefr=lebrowser','ff333333','00000000'),(733,356,'新浪','http://3g.sina.com.cn/3g/eladies/?lefr=lebrowser','ff333333','00000000'),(734,356,'太平洋','http://3g.pclady.com.cn/?lefr=lebrowser','ff333333','00000000'),(735,357,'和讯','http://wap.hexun.com/?lefr=lebrowser','ff333333','00000000'),(736,357,'移商','http://ad.roboo.com/adt?ac=74979&lefr=lebrowser','fff44a15','00000000'),(737,357,'新浪','http://3g.sina.com.cn/3g/finance/?lefr=lebrowser','ff333333','00000000'),(738,357,'东方','http://wap.eastmoney.com/?lefr=lebrowser','ff333333','00000000'),(739,357,'搜狐','http://m.sohu.com/c/5/?_once_=000025_top_caijing_v3&lefr=lebrowser','ff333333','00000000'),(740,357,'凤凰','http://i.ifeng.com/finance/financei?mid=25JIIr&vt=2&lefr=lebrowser','ff333333','00000000');
/*!40000 ALTER TABLE `navi_web_url` ENABLE KEYS */;
UNLOCK TABLES;

--
-- Table structure for table `version`
--

DROP TABLE IF EXISTS `version`;
/*!40101 SET @saved_cs_client     = @@character_set_client */;
/*!40101 SET character_set_client = utf8 */;
CREATE TABLE `version` (
  `id` int(10) unsigned NOT NULL AUTO_INCREMENT,
  `key` varchar(50) NOT NULL,
  `version` int(10) NOT NULL,
  `describe` varchar(255) NOT NULL DEFAULT '',
  `issue_time` int(10) NOT NULL DEFAULT '0',
  PRIMARY KEY (`id`)
) ENGINE=InnoDB AUTO_INCREMENT=8 DEFAULT CHARSET=utf8;
/*!40101 SET character_set_client = @saved_cs_client */;

--
-- Dumping data for table `version`
--

LOCK TABLES `version` WRITE;
/*!40000 ALTER TABLE `version` DISABLE KEYS */;
INSERT INTO `version` VALUES (5,'navi_banner',8,'左屏条幅数据',1395996372),(6,'navi_unit',8,'左屏导航数据',1395996406),(7,'navi_hot',1396263894,'左屏实时热点',1395996689);
/*!40000 ALTER TABLE `version` ENABLE KEYS */;
UNLOCK TABLES;
/*!40103 SET TIME_ZONE=@OLD_TIME_ZONE */;

/*!40101 SET SQL_MODE=@OLD_SQL_MODE */;
/*!40014 SET FOREIGN_KEY_CHECKS=@OLD_FOREIGN_KEY_CHECKS */;
/*!40014 SET UNIQUE_CHECKS=@OLD_UNIQUE_CHECKS */;
/*!40101 SET CHARACTER_SET_CLIENT=@OLD_CHARACTER_SET_CLIENT */;
/*!40101 SET CHARACTER_SET_RESULTS=@OLD_CHARACTER_SET_RESULTS */;
/*!40101 SET COLLATION_CONNECTION=@OLD_COLLATION_CONNECTION */;
/*!40111 SET SQL_NOTES=@OLD_SQL_NOTES */;

-- Dump completed on 2014-06-17 16:16:27
